time,temperature,precipitation 
2024-07-01T00:00,85.7,0
2024-07-01T01:00,82.2,0
2024-07-01T02:00,76.2,0
2024-07-01T03:00,71.1,0
2024-07-01T04:00,68.5,0
2024-07-01T05:00,67.1,0
2024-07-01T06:00,66.2,0
2024-07-01T07:00,65.8,0
2024-07-01T08:00,64.4,0
2024-07-01T09:00,63.2,0
2024-07-01T10:00,62.2,0
2024-07-01T11:00,61.4,0
2024-07-01T12:00,60.6,0
2024-07-01T13:00,61.3,0
2024-07-01T14:00,61.5,0
2024-07-01T15:00,64.9,0
2024-07-01T16:00,69.7,0
2024-07-01T17:00,74.6,0
2024-07-01T18:00,80.3,0
2024-07-01T19:00,85.1,0
2024-07-01T20:00,87.8,0
2024-07-01T21:00,88.5,0
2024-07-01T22:00,87.5,0
2024-07-01T23:00,86.4,0
2024-07-02T00:00,84.4,0
2024-07-02T01:00,79.3,0
2024-07-02T02:00,75.2,0
2024-07-02T03:00,70.4,0
2024-07-02T04:00,67.3,0
2024-07-02T05:00,66.3,0
2024-07-02T06:00,65.7,0
2024-07-02T07:00,64.7,0
2024-07-02T08:00,63.4,0
2024-07-02T09:00,62,0
2024-07-02T10:00,61,0
2024-07-02T11:00,60.3,0
2024-07-02T12:00,59.9,0
2024-07-02T13:00,60.6,0
2024-07-02T14:00,60.8,0
2024-07-02T15:00,61.9,0
2024-07-02T16:00,65,0
2024-07-02T17:00,70.4,0
2024-07-02T18:00,76.3,0
2024-07-02T19:00,82.5,0
2024-07-02T20:00,86.8,0
2024-07-02T21:00,87.4,0
2024-07-02T22:00,85.9,0
2024-07-02T23:00,84.1,0
2024-07-03T00:00,81.3,0
2024-07-03T01:00,81.1,0
2024-07-03T02:00,76.1,0
2024-07-03T03:00,69.5,0
2024-07-03T04:00,66.4,0
2024-07-03T05:00,65.3,0
2024-07-03T06:00,64.5,0
2024-07-03T07:00,63.9,0
2024-07-03T08:00,63.2,0
2024-07-03T09:00,62,0
2024-07-03T10:00,61.3,0
2024-07-03T11:00,60.5,0
2024-07-03T12:00,59.9,0
2024-07-03T13:00,59.8,0
2024-07-03T14:00,60.2,0
2024-07-03T15:00,64.5,0
2024-07-03T16:00,70.2,0
2024-07-03T17:00,75.8,0
2024-07-03T18:00,80,0
2024-07-03T19:00,83.6,0
2024-07-03T20:00,85.5,0
2024-07-03T21:00,85.3,0
2024-07-03T22:00,84.4,0
2024-07-03T23:00,82.1,0
2024-07-04T00:00,78.2,0
2024-07-04T01:00,76.2,0
2024-07-04T02:00,72.1,0
2024-07-04T03:00,67.7,0
2024-07-04T04:00,64.8,0
2024-07-04T05:00,63.6,0
2024-07-04T06:00,63.5,0
2024-07-04T07:00,62.8,0
2024-07-04T08:00,62.1,0
2024-07-04T09:00,61.5,0
2024-07-04T10:00,60.6,0
2024-07-04T11:00,60.1,0
2024-07-04T12:00,59.9,0
2024-07-04T13:00,59.8,0
2024-07-04T14:00,60.6,0
2024-07-04T15:00,64.6,0
2024-07-04T16:00,69.4,0
2024-07-04T17:00,74.3,0
2024-07-04T18:00,78.3,0
2024-07-04T19:00,81.5,0
2024-07-04T20:00,83.9,0
2024-07-04T21:00,84.2,0
2024-07-04T22:00,83.4,0
2024-07-04T23:00,82.4,0
2024-07-05T00:00,80.2,0
2024-07-05T01:00,77.7,0
2024-07-05T02:00,74.1,0
2024-07-05T03:00,71.4,0
2024-07-05T04:00,68.7,0
2024-07-05T05:00,67,0
2024-07-05T06:00,66.1,0
2024-07-05T07:00,65.3,0
2024-07-05T08:00,64.1,0
2024-07-05T09:00,63.1,0
2024-07-05T10:00,62.8,0
2024-07-05T11:00,62.5,0
2024-07-05T12:00,61.9,0
2024-07-05T13:00,61.5,0
2024-07-05T14:00,63.7,0
2024-07-05T15:00,65.3,0
2024-07-05T16:00,67.8,0
2024-07-05T17:00,74.3,0
2024-07-05T18:00,83.1,0
2024-07-05T19:00,90.9,0
2024-07-05T20:00,94,0
2024-07-05T21:00,92,0
2024-07-05T22:00,90.7,0
2024-07-05T23:00,90.7,0
2024-07-06T00:00,90.1,0
2024-07-06T01:00,84.5,0
2024-07-06T02:00,81.1,0
2024-07-06T03:00,77.9,0
2024-07-06T04:00,75.3,0
2024-07-06T05:00,73.1,0
2024-07-06T06:00,70.4,0
2024-07-06T07:00,68.5,0
2024-07-06T08:00,67.5,0
2024-07-06T09:00,66.3,0
2024-07-06T10:00,65.3,0
2024-07-06T11:00,64.8,0
2024-07-06T12:00,63.8,0
2024-07-06T13:00,64.2,0
2024-07-06T14:00,64.6,0
2024-07-06T15:00,65.3,0
2024-07-06T16:00,67.7,0
2024-07-06T17:00,71.9,0
2024-07-06T18:00,77,0
2024-07-06T19:00,82.1,0
2024-07-06T20:00,86.9,0
2024-07-06T21:00,89.3,0
2024-07-06T22:00,89.7,0
2024-07-06T23:00,87.6,0
2024-07-07T00:00,84.9,0
2024-07-07T01:00,84.6,0
2024-07-07T02:00,81.2,0
2024-07-07T03:00,77.3,0
2024-07-07T04:00,74.4,0
2024-07-07T05:00,72,0
2024-07-07T06:00,70.3,0
2024-07-07T07:00,68.5,0
2024-07-07T08:00,67.1,0
2024-07-07T09:00,66.7,0
2024-07-07T10:00,66.1,0
2024-07-07T11:00,65.3,0
2024-07-07T12:00,64.3,0
2024-07-07T13:00,65,0
2024-07-07T14:00,65,0
2024-07-07T15:00,66.2,0
2024-07-07T16:00,68.5,0
2024-07-07T17:00,73.4,0
2024-07-07T18:00,78,0
2024-07-07T19:00,83.2,0
2024-07-07T20:00,86.6,0
2024-07-07T21:00,87.8,0
2024-07-07T22:00,87.4,0
2024-07-07T23:00,85.5,0
2024-07-08T00:00,82.8,0
2024-07-08T01:00,80.2,0
2024-07-08T02:00,76.4,0
2024-07-08T03:00,72.5,0
2024-07-08T04:00,69.4,0
2024-07-08T05:00,67.8,0
2024-07-08T06:00,66.2,0
2024-07-08T07:00,65,0
2024-07-08T08:00,64.1,0
2024-07-08T09:00,63.2,0
2024-07-08T10:00,62.5,0
2024-07-08T11:00,61.7,0
2024-07-08T12:00,61.4,0
2024-07-08T13:00,63.3,0
2024-07-08T14:00,62.8,0
2024-07-08T15:00,63.2,0
2024-07-08T16:00,67.6,0
2024-07-08T17:00,73.3,0
2024-07-08T18:00,79.6,0
2024-07-08T19:00,83.9,0
2024-07-08T20:00,84.1,0
2024-07-08T21:00,83.3,0
2024-07-08T22:00,82.3,0
2024-07-08T23:00,81.5,0
2024-07-09T00:00,80.2,0
2024-07-09T01:00,77.6,0
2024-07-09T02:00,73.6,0
2024-07-09T03:00,69.3,0
2024-07-09T04:00,66.5,0
2024-07-09T05:00,65.3,0
2024-07-09T06:00,65,0
2024-07-09T07:00,64.3,0
2024-07-09T08:00,63.8,0
2024-07-09T09:00,63.3,0
2024-07-09T10:00,62.6,0
2024-07-09T11:00,61.9,0
2024-07-09T12:00,60.9,0
2024-07-09T13:00,59.8,0
2024-07-09T14:00,60.3,0
2024-07-09T15:00,61.8,0
2024-07-09T16:00,67.1,0
2024-07-09T17:00,72.7,0
2024-07-09T18:00,79.2,0
2024-07-09T19:00,85.1,0
2024-07-09T20:00,89.8,0
2024-07-09T21:00,91.4,0
2024-07-09T22:00,90.7,0
2024-07-09T23:00,89.2,0
2024-07-10T00:00,85.3,0
2024-07-10T01:00,78,0
2024-07-10T02:00,74.8,0
2024-07-10T03:00,71.5,0
2024-07-10T04:00,68.8,0
2024-07-10T05:00,67.1,0
2024-07-10T06:00,66.9,0
2024-07-10T07:00,66.8,0
2024-07-10T08:00,65.3,0
2024-07-10T09:00,65.9,0
2024-07-10T10:00,64.6,0
2024-07-10T11:00,63.5,0
2024-07-10T12:00,62.6,0
2024-07-10T13:00,61.7,0
2024-07-10T14:00,62.3,0
2024-07-10T15:00,66.8,0
2024-07-10T16:00,71.8,0
2024-07-10T17:00,78.1,0
2024-07-10T18:00,84.2,0
2024-07-10T19:00,88.7,0
2024-07-10T20:00,92,0
2024-07-10T21:00,94.1,0
2024-07-10T22:00,94.9,0
2024-07-10T23:00,92.2,0
2024-07-11T00:00,88.1,0
2024-07-11T01:00,81.6,0
2024-07-11T02:00,78.9,0
2024-07-11T03:00,73.5,0
2024-07-11T04:00,69.5,0
2024-07-11T05:00,67.9,0
2024-07-11T06:00,67,0
2024-07-11T07:00,66.1,0
2024-07-11T08:00,65.2,0
2024-07-11T09:00,64.3,0
2024-07-11T10:00,64,0
2024-07-11T11:00,62.7,0
2024-07-11T12:00,60.8,0
2024-07-11T13:00,62.5,0
2024-07-11T14:00,63,0
2024-07-11T15:00,64.9,0
2024-07-11T16:00,69.5,0
2024-07-11T17:00,73.8,0
2024-07-11T18:00,78.7,0
2024-07-11T19:00,83.9,0
2024-07-11T20:00,88.3,0
2024-07-11T21:00,89.5,0
2024-07-11T22:00,87.7,0
2024-07-11T23:00,84.5,0
2024-07-12T00:00,81.1,0
2024-07-12T01:00,77,0
2024-07-12T02:00,73.3,0
2024-07-12T03:00,68.3,0
2024-07-12T04:00,66.4,0
2024-07-12T05:00,66,0
2024-07-12T06:00,65.3,0
2024-07-12T07:00,64.4,0
2024-07-12T08:00,63.7,0
2024-07-12T09:00,63.2,0
2024-07-12T10:00,62,0
2024-07-12T11:00,60.7,0
2024-07-12T12:00,60.4,0
2024-07-12T13:00,61.8,0
2024-07-12T14:00,61.6,0
2024-07-12T15:00,62.8,0
2024-07-12T16:00,66.9,0
2024-07-12T17:00,70.4,0
2024-07-12T18:00,74.3,0
2024-07-12T19:00,80.6,0
2024-07-12T20:00,83.7,0
2024-07-12T21:00,86.7,0
2024-07-12T22:00,83.6,0
2024-07-12T23:00,77.5,0
2024-07-13T00:00,75.3,0
2024-07-13T01:00,77.8,0
2024-07-13T02:00,78.1,0
2024-07-13T03:00,71.6,0
2024-07-13T04:00,66.6,0
2024-07-13T05:00,65.6,0
2024-07-13T06:00,68.1,0
2024-07-13T07:00,66.8,0
2024-07-13T08:00,65.7,0
2024-07-13T09:00,65.8,0
2024-07-13T10:00,65,0
2024-07-13T11:00,64.1,0
2024-07-13T12:00,62.1,0
2024-07-13T13:00,62.7,0
2024-07-13T14:00,63.9,0
2024-07-13T15:00,66.3,0
2024-07-13T16:00,69.4,0
2024-07-13T17:00,74.2,0
2024-07-13T18:00,80.3,0
2024-07-13T19:00,83.3,0
2024-07-13T20:00,84.8,0
2024-07-13T21:00,85.1,0
2024-07-13T22:00,87.1,0
2024-07-13T23:00,82.4,0
2024-07-14T00:00,82.1,0
2024-07-14T01:00,77,0
2024-07-14T02:00,71.6,0
2024-07-14T03:00,69.7,0
2024-07-14T04:00,67.8,0
2024-07-14T05:00,67.6,0
2024-07-14T06:00,68,0
2024-07-14T07:00,67.1,0
2024-07-14T08:00,67.1,0
2024-07-14T09:00,65.5,0
2024-07-14T10:00,64.4,0
2024-07-14T11:00,63.7,0
2024-07-14T12:00,63.5,0
2024-07-14T13:00,64.7,0
2024-07-14T14:00,64.8,0
2024-07-14T15:00,67.5,0
2024-07-14T16:00,70.7,0
2024-07-14T17:00,75.2,0
2024-07-14T18:00,78.8,0
2024-07-14T19:00,82.8,0
2024-07-14T20:00,84.9,0
2024-07-14T21:00,84.9,0
2024-07-14T22:00,82.9,0
2024-07-14T23:00,82.2,0
2024-07-15T00:00,80.2,0
2024-07-15T01:00,76.2,0
2024-07-15T02:00,73.4,0
2024-07-15T03:00,70.4,0
2024-07-15T04:00,68.3,0
2024-07-15T05:00,67.1,0
2024-07-15T06:00,66.4,0
2024-07-15T07:00,65.8,0
2024-07-15T08:00,65,0
2024-07-15T09:00,64.2,0
2024-07-15T10:00,63.8,0
2024-07-15T11:00,63.1,0
2024-07-15T12:00,62.4,0
2024-07-15T13:00,62.4,0
2024-07-15T14:00,63.3,0
2024-07-15T15:00,66.1,0
2024-07-15T16:00,69.2,0
2024-07-15T17:00,73.3,0
2024-07-15T18:00,77.9,0
2024-07-15T19:00,82.1,0
2024-07-15T20:00,84.3,0
2024-07-15T21:00,84.2,0
2024-07-15T22:00,83.3,0
2024-07-15T23:00,82,0
2024-07-16T00:00,79.5,0
2024-07-16T01:00,76.3,0
2024-07-16T02:00,73.9,0
2024-07-16T03:00,70.6,0
2024-07-16T04:00,67.8,0
2024-07-16T05:00,66.4,0
2024-07-16T06:00,65.6,0
2024-07-16T07:00,64.7,0
2024-07-16T08:00,63.7,0
2024-07-16T09:00,63.1,0
2024-07-16T10:00,63,0
2024-07-16T11:00,62.3,0
2024-07-16T12:00,61.3,0
2024-07-16T13:00,62.7,0
2024-07-16T14:00,63.6,0
2024-07-16T15:00,65.5,0
2024-07-16T16:00,69.1,0
2024-07-16T17:00,73,0
2024-07-16T18:00,77.2,0
2024-07-16T19:00,81.4,0
2024-07-16T20:00,83.6,0
2024-07-16T21:00,83.3,0
2024-07-16T22:00,83,0
2024-07-16T23:00,82.5,0
2024-07-17T00:00,81.3,0
2024-07-17T01:00,78.2,0
2024-07-17T02:00,75.3,0
2024-07-17T03:00,72.1,0
2024-07-17T04:00,69.3,0
2024-07-17T05:00,67.8,0
2024-07-17T06:00,66.5,0
2024-07-17T07:00,65.5,0
2024-07-17T08:00,64.5,0
2024-07-17T09:00,63.5,0
2024-07-17T10:00,63.5,0
2024-07-17T11:00,63.3,0
2024-07-17T12:00,62.8,0
2024-07-17T13:00,63.3,0
2024-07-17T14:00,64,0
2024-07-17T15:00,65.8,0
2024-07-17T16:00,68.6,0
2024-07-17T17:00,71.8,0
2024-07-17T18:00,76.1,0
2024-07-17T19:00,80.6,0
2024-07-17T20:00,84.7,0
2024-07-17T21:00,86,0
2024-07-17T22:00,86.8,0
2024-07-17T23:00,85.6,0
2024-07-18T00:00,83.7,0
2024-07-18T01:00,78.8,0
2024-07-18T02:00,75.2,0
2024-07-18T03:00,72.1,0
2024-07-18T04:00,69.2,0
2024-07-18T05:00,68,0
2024-07-18T06:00,66.9,0
2024-07-18T07:00,66.6,0
2024-07-18T08:00,66.2,0
2024-07-18T09:00,65.3,0
2024-07-18T10:00,64.5,0
2024-07-18T11:00,64.4,0
2024-07-18T12:00,64.4,0
2024-07-18T13:00,64.3,0
2024-07-18T14:00,65.5,0
2024-07-18T15:00,66.7,0
2024-07-18T16:00,69.9,0
2024-07-18T17:00,74.6,0
2024-07-18T18:00,80.4,0
2024-07-18T19:00,86.3,0
2024-07-18T20:00,88.1,0
2024-07-18T21:00,86.6,0
2024-07-18T22:00,86.3,0
2024-07-18T23:00,84.8,0
2024-07-19T00:00,82.7,0
2024-07-19T01:00,78.8,0
2024-07-19T02:00,75.3,0
2024-07-19T03:00,72.2,0
2024-07-19T04:00,69.8,0
2024-07-19T05:00,68.4,0
2024-07-19T06:00,67.4,0
2024-07-19T07:00,67.1,0
2024-07-19T08:00,66.6,0
2024-07-19T09:00,65.5,0
2024-07-19T10:00,64.5,0
2024-07-19T11:00,63.6,0
2024-07-19T12:00,63.2,0
2024-07-19T13:00,61.9,0
2024-07-19T14:00,62.1,0
2024-07-19T15:00,63.2,0
2024-07-19T16:00,67.5,0
2024-07-19T17:00,73.4,0
2024-07-19T18:00,80.1,0
2024-07-19T19:00,86.8,0
2024-07-19T20:00,91.3,0
2024-07-19T21:00,92.5,0
2024-07-19T22:00,91,0
2024-07-19T23:00,88.4,0
2024-07-20T00:00,85.9,0
2024-07-20T01:00,81.9,0
2024-07-20T02:00,77.9,0
2024-07-20T03:00,73.3,0
2024-07-20T04:00,69.9,0
2024-07-20T05:00,68.5,0
2024-07-20T06:00,67.3,0
2024-07-20T07:00,66.8,0
2024-07-20T08:00,66,0
2024-07-20T09:00,65.3,0
2024-07-20T10:00,64.4,0
2024-07-20T11:00,63.5,0
2024-07-20T12:00,62.7,0
2024-07-20T13:00,61.9,0
2024-07-20T14:00,62.6,0
2024-07-20T15:00,67,0
2024-07-20T16:00,72.2,0
2024-07-20T17:00,78.8,0
2024-07-20T18:00,87,0
2024-07-20T19:00,93.6,0
2024-07-20T20:00,96,0
2024-07-20T21:00,95,0
2024-07-20T22:00,93.3,0
2024-07-20T23:00,92.5,0
2024-07-21T00:00,90.7,0
2024-07-21T01:00,84.9,0
2024-07-21T02:00,81.4,0
2024-07-21T03:00,76.5,0
2024-07-21T04:00,73.4,0
2024-07-21T05:00,71.2,0
2024-07-21T06:00,69.8,0
2024-07-21T07:00,69.5,0
2024-07-21T08:00,69,0
2024-07-21T09:00,68.1,0
2024-07-21T10:00,66.8,0
2024-07-21T11:00,65.8,0
2024-07-21T12:00,65.3,0
2024-07-21T13:00,64.6,0
2024-07-21T14:00,65.3,0
2024-07-21T15:00,68.7,0
2024-07-21T16:00,73.1,0
2024-07-21T17:00,79.7,0
2024-07-21T18:00,85.6,0
2024-07-21T19:00,90.4,0
2024-07-21T20:00,92.7,0
2024-07-21T21:00,90.5,0
2024-07-21T22:00,89,0
2024-07-21T23:00,87.8,0
2024-07-22T00:00,86.7,0
2024-07-22T01:00,82.4,0
2024-07-22T02:00,79.3,0
2024-07-22T03:00,75.2,0
2024-07-22T04:00,73.1,0
2024-07-22T05:00,71.4,0
2024-07-22T06:00,69.9,0
2024-07-22T07:00,68.8,0
2024-07-22T08:00,68,0
2024-07-22T09:00,67.1,0
2024-07-22T10:00,66.4,0
2024-07-22T11:00,65.7,0
2024-07-22T12:00,64.7,0
2024-07-22T13:00,64.6,0
2024-07-22T14:00,66.2,0
2024-07-22T15:00,69.5,0
2024-07-22T16:00,74.2,0
2024-07-22T17:00,80.1,0
2024-07-22T18:00,85.5,0
2024-07-22T19:00,88.5,0
2024-07-22T20:00,89.2,0
2024-07-22T21:00,88,0
2024-07-22T22:00,87.8,0
2024-07-22T23:00,86.5,0
2024-07-23T00:00,84.7,0
2024-07-23T01:00,80.6,0
2024-07-23T02:00,76.2,0
2024-07-23T03:00,72.9,0
2024-07-23T04:00,71.3,0
2024-07-23T05:00,69.8,0
2024-07-23T06:00,68.9,0
2024-07-23T07:00,68.2,0
2024-07-23T08:00,67.7,0
2024-07-23T09:00,67.2,0
2024-07-23T10:00,66.3,0
2024-07-23T11:00,65.7,0
2024-07-23T12:00,65.6,0
2024-07-23T13:00,66.8,0
2024-07-23T14:00,67.5,0
2024-07-23T15:00,70,0
2024-07-23T16:00,74.2,0
2024-07-23T17:00,79.7,0
2024-07-23T18:00,85.5,0
2024-07-23T19:00,87.9,0
2024-07-23T20:00,89.5,0
2024-07-23T21:00,90.3,0
2024-07-23T22:00,89,0
2024-07-23T23:00,86.7,0
2024-07-24T00:00,84.2,0
2024-07-24T01:00,81.8,0
2024-07-24T02:00,76.6,0
2024-07-24T03:00,73.5,0
2024-07-24T04:00,72.1,0
2024-07-24T05:00,70.7,0
2024-07-24T06:00,69.4,0
2024-07-24T07:00,69.4,0
2024-07-24T08:00,68.5,0
2024-07-24T09:00,67.9,0
2024-07-24T10:00,67.3,0
2024-07-24T11:00,67.2,0
2024-07-24T12:00,66.7,0
2024-07-24T13:00,66.6,0
2024-07-24T14:00,67.4,0
2024-07-24T15:00,71.2,0
2024-07-24T16:00,75.3,0
2024-07-24T17:00,79.7,0
2024-07-24T18:00,84.9,0
2024-07-24T19:00,89.2,0
2024-07-24T20:00,91,0
2024-07-24T21:00,90.8,0
2024-07-24T22:00,90,0
2024-07-24T23:00,88.3,0
2024-07-25T00:00,85.4,0
2024-07-25T01:00,81.8,0
2024-07-25T02:00,78.5,0
2024-07-25T03:00,75.2,0
2024-07-25T04:00,72.5,0
2024-07-25T05:00,70.8,0
2024-07-25T06:00,70.5,0
2024-07-25T07:00,70.3,0
2024-07-25T08:00,69.8,0
2024-07-25T09:00,69.1,0
2024-07-25T10:00,68.7,0
2024-07-25T11:00,68,0
2024-07-25T12:00,67.3,0
2024-07-25T13:00,66.7,0
2024-07-25T14:00,66.9,0
2024-07-25T15:00,69.4,0
2024-07-25T16:00,74.1,0
2024-07-25T17:00,80.3,0
2024-07-25T18:00,86.9,0
2024-07-25T19:00,92.4,0
2024-07-25T20:00,95.3,0
2024-07-25T21:00,95.9,0
2024-07-25T22:00,93.8,0
2024-07-25T23:00,91.6,0
2024-07-26T00:00,88,0
2024-07-26T01:00,84.3,0
2024-07-26T02:00,80.2,0
2024-07-26T03:00,75.4,0
2024-07-26T04:00,72.6,0
2024-07-26T05:00,70.7,0
2024-07-26T06:00,69.7,0
2024-07-26T07:00,69.1,0
2024-07-26T08:00,67.7,0
2024-07-26T09:00,66.3,0
2024-07-26T10:00,66,0
2024-07-26T11:00,65.7,0
2024-07-26T12:00,64.7,0
2024-07-26T13:00,64.1,0
2024-07-26T14:00,65.9,0
2024-07-26T15:00,68.8,0
2024-07-26T16:00,73,0
2024-07-26T17:00,78.9,0
2024-07-26T18:00,85.1,0
2024-07-26T19:00,90.4,0
2024-07-26T20:00,92.8,0
2024-07-26T21:00,91.3,0
2024-07-26T22:00,90.3,0
2024-07-26T23:00,90.5,0
2024-07-27T00:00,89.1,0
2024-07-27T01:00,83.4,0
2024-07-27T02:00,78.4,0
2024-07-27T03:00,73.9,0
2024-07-27T04:00,71.5,0
2024-07-27T05:00,70.2,0
2024-07-27T06:00,69.3,0
2024-07-27T07:00,68.4,0
2024-07-27T08:00,67.5,0
2024-07-27T09:00,66.3,0
2024-07-27T10:00,65.2,0
2024-07-27T11:00,64.1,0
2024-07-27T12:00,63.2,0
2024-07-27T13:00,61.5,0
2024-07-27T14:00,61.6,0
2024-07-27T15:00,62.8,0
2024-07-27T16:00,67.5,0
2024-07-27T17:00,72.5,0
2024-07-27T18:00,78.4,0
2024-07-27T19:00,83.9,0
2024-07-27T20:00,87.2,0
2024-07-27T21:00,86.9,0
2024-07-27T22:00,85.7,0
2024-07-27T23:00,83.9,0
2024-07-28T00:00,82.2,0
2024-07-28T01:00,78.7,0
2024-07-28T02:00,74.6,0
2024-07-28T03:00,70.4,0
2024-07-28T04:00,68.1,0
2024-07-28T05:00,66.5,0
2024-07-28T06:00,65.2,0
2024-07-28T07:00,64.1,0
2024-07-28T08:00,63.1,0
2024-07-28T09:00,62.2,0
2024-07-28T10:00,61.3,0
2024-07-28T11:00,60.6,0
2024-07-28T12:00,60.4,0
2024-07-28T13:00,58.8,0
2024-07-28T14:00,58.9,0
2024-07-28T15:00,61.5,0
2024-07-28T16:00,66.2,0
2024-07-28T17:00,71.6,0
2024-07-28T18:00,77.5,0
2024-07-28T19:00,81.6,0
2024-07-28T20:00,83,0
2024-07-28T21:00,83.5,0
2024-07-28T22:00,83.3,0
2024-07-28T23:00,81.7,0
2024-07-29T00:00,80,0
2024-07-29T01:00,77.8,0
2024-07-29T02:00,74.3,0
2024-07-29T03:00,69.4,0
2024-07-29T04:00,66.6,0
2024-07-29T05:00,65.2,0
2024-07-29T06:00,63.9,0
2024-07-29T07:00,62.8,0
2024-07-29T08:00,61.9,0
2024-07-29T09:00,61,0
2024-07-29T10:00,59.9,0
2024-07-29T11:00,59.5,0
2024-07-29T12:00,58.6,0
2024-07-29T13:00,58,0
2024-07-29T14:00,58.5,0
2024-07-29T15:00,61.9,0
2024-07-29T16:00,66.7,0
2024-07-29T17:00,72.5,0
2024-07-29T18:00,78.6,0
2024-07-29T19:00,82.2,0
2024-07-29T20:00,83.1,0
2024-07-29T21:00,82.4,0
2024-07-29T22:00,81.5,0
2024-07-29T23:00,80.9,0
2024-07-30T00:00,80.3,0
2024-07-30T01:00,78.9,0
2024-07-30T02:00,75.2,0
2024-07-30T03:00,69.9,0
2024-07-30T04:00,67,0
2024-07-30T05:00,65.4,0
2024-07-30T06:00,64.1,0
2024-07-30T07:00,62.7,0
2024-07-30T08:00,62.1,0
2024-07-30T09:00,61.2,0
2024-07-30T10:00,59.8,0
2024-07-30T11:00,58.5,0
2024-07-30T12:00,57.8,0
2024-07-30T13:00,58.4,0
2024-07-30T14:00,59,0
2024-07-30T15:00,61.3,0
2024-07-30T16:00,66.4,0
2024-07-30T17:00,72.2,0
2024-07-30T18:00,78.6,0
2024-07-30T19:00,83.7,0
2024-07-30T20:00,85.8,0
2024-07-30T21:00,85.4,0
2024-07-30T22:00,84.7,0
2024-07-30T23:00,83.5,0
2024-07-31T00:00,82.4,0
2024-07-31T01:00,78.2,0
2024-07-31T02:00,73.4,0
2024-07-31T03:00,68.2,0
2024-07-31T04:00,65.8,0
2024-07-31T05:00,64.6,0
2024-07-31T06:00,63.4,0
2024-07-31T07:00,62.1,0
2024-07-31T08:00,61.4,0
2024-07-31T09:00,60.8,0
2024-07-31T10:00,59.9,0
2024-07-31T11:00,59.2,0
2024-07-31T12:00,58.9,0
2024-07-31T13:00,59.6,0
2024-07-31T14:00,59.7,0
2024-07-31T15:00,61.4,0
2024-07-31T16:00,66.2,0
2024-07-31T17:00,71.5,0
2024-07-31T18:00,76.7,0
2024-07-31T19:00,81.9,0
2024-07-31T20:00,85.4,0
2024-07-31T21:00,85.7,0
2024-07-31T22:00,84.4,0
2024-07-31T23:00,82.3,0
2024-08-01T00:00,80.3,0
2024-08-01T01:00,77.9,0
2024-08-01T02:00,72.7,0
2024-08-01T03:00,68.5,0
2024-08-01T04:00,66.4,0
2024-08-01T05:00,65.2,0
2024-08-01T06:00,63.8,0
2024-08-01T07:00,62,0
2024-08-01T08:00,60.8,0
2024-08-01T09:00,60.4,0
2024-08-01T10:00,59.7,0
2024-08-01T11:00,58.6,0
2024-08-01T12:00,58.1,0
2024-08-01T13:00,59.7,0
2024-08-01T14:00,60.3,0
2024-08-01T15:00,63.1,0
2024-08-01T16:00,66.7,0
2024-08-01T17:00,73,0
2024-08-01T18:00,80.5,0
2024-08-01T19:00,86.4,0
2024-08-01T20:00,86.8,0
2024-08-01T21:00,83,0
2024-08-01T22:00,80.6,0
2024-08-01T23:00,81.1,0
2024-08-02T00:00,79.8,0
2024-08-02T01:00,77,0
2024-08-02T02:00,74.8,0
2024-08-02T03:00,69.9,0
2024-08-02T04:00,68.2,0
2024-08-02T05:00,67.8,0
2024-08-02T06:00,66.7,0
2024-08-02T07:00,66.2,0
2024-08-02T08:00,66.2,0
2024-08-02T09:00,65.8,0
2024-08-02T10:00,65.3,0
2024-08-02T11:00,65,0
2024-08-02T12:00,64.6,0
2024-08-02T13:00,66.4,0
2024-08-02T14:00,66.5,0
2024-08-02T15:00,70.7,0
2024-08-02T16:00,75.3,0
2024-08-02T17:00,81.6,0
2024-08-02T18:00,85.5,0
2024-08-02T19:00,88.4,0
2024-08-02T20:00,90,0
2024-08-02T21:00,91.1,0
2024-08-02T22:00,91.6,0
2024-08-02T23:00,88.6,0
2024-08-03T00:00,85.1,0
2024-08-03T01:00,85.1,0
2024-08-03T02:00,81.2,0
2024-08-03T03:00,76,0
2024-08-03T04:00,73.4,0
2024-08-03T05:00,71.1,0
2024-08-03T06:00,70.7,0
2024-08-03T07:00,69.7,0
2024-08-03T08:00,68.8,0
2024-08-03T09:00,67,0
2024-08-03T10:00,65.9,0
2024-08-03T11:00,65.1,0
2024-08-03T12:00,64.8,0
2024-08-03T13:00,64,0
2024-08-03T14:00,64.2,0
2024-08-03T15:00,68.1,0
2024-08-03T16:00,73.4,0
2024-08-03T17:00,80,0
2024-08-03T18:00,87,0
2024-08-03T19:00,92.4,0
2024-08-03T20:00,95.3,0
2024-08-03T21:00,93.9,0
2024-08-03T22:00,90.5,0
2024-08-03T23:00,87.8,0
2024-08-04T00:00,85.4,0
2024-08-04T01:00,84.9,0
2024-08-04T02:00,79.7,0
2024-08-04T03:00,74.5,0
2024-08-04T04:00,71.4,0
2024-08-04T05:00,69.4,0
2024-08-04T06:00,67.9,0
2024-08-04T07:00,67.5,0
2024-08-04T08:00,66.5,0
2024-08-04T09:00,65.5,0
2024-08-04T10:00,65.4,0
2024-08-04T11:00,64.6,0
2024-08-04T12:00,64.1,0
2024-08-04T13:00,62,0
2024-08-04T14:00,62,0
2024-08-04T15:00,66.5,0
2024-08-04T16:00,72.5,0
2024-08-04T17:00,79.4,0
2024-08-04T18:00,86.1,0
2024-08-04T19:00,91.5,0
2024-08-04T20:00,92.6,0
2024-08-04T21:00,91.5,0
2024-08-04T22:00,90.4,0
2024-08-04T23:00,89.5,0
2024-08-05T00:00,87.8,0
2024-08-05T01:00,83.5,0
2024-08-05T02:00,77.7,0
2024-08-05T03:00,73.1,0
2024-08-05T04:00,70.7,0
2024-08-05T05:00,69.1,0
2024-08-05T06:00,68.1,0
2024-08-05T07:00,68.1,0
2024-08-05T08:00,67.9,0
2024-08-05T09:00,67,0
2024-08-05T10:00,65.5,0
2024-08-05T11:00,65.2,0
2024-08-05T12:00,65,0
2024-08-05T13:00,64.3,0
2024-08-05T14:00,64.5,0
2024-08-05T15:00,69.1,0
2024-08-05T16:00,74.9,0
2024-08-05T17:00,82.3,0
2024-08-05T18:00,90.6,0
2024-08-05T19:00,96.8,0
2024-08-05T20:00,96.9,0
2024-08-05T21:00,92.1,0
2024-08-05T22:00,90.1,0
2024-08-05T23:00,89.1,0
2024-08-06T00:00,88,0
2024-08-06T01:00,86,0
2024-08-06T02:00,80.3,0
2024-08-06T03:00,75.4,0
2024-08-06T04:00,71.6,0
2024-08-06T05:00,69.9,0
2024-08-06T06:00,70.5,0
2024-08-06T07:00,69.5,0
2024-08-06T08:00,67.8,0
2024-08-06T09:00,66.2,0
2024-08-06T10:00,65.3,0
2024-08-06T11:00,64.7,0
2024-08-06T12:00,64.1,0
2024-08-06T13:00,65.6,0
2024-08-06T14:00,66.2,0
2024-08-06T15:00,68.7,0
2024-08-06T16:00,72.6,0
2024-08-06T17:00,77.9,0
2024-08-06T18:00,84.4,0
2024-08-06T19:00,92,0
2024-08-06T20:00,98.1,0
2024-08-06T21:00,100.4,0
2024-08-06T22:00,93.1,0
2024-08-06T23:00,87.2,0
2024-08-07T00:00,85.1,0
2024-08-07T01:00,83.4,0
2024-08-07T02:00,81,0
2024-08-07T03:00,77.6,0
2024-08-07T04:00,74.6,0
2024-08-07T05:00,72.2,0
2024-08-07T06:00,70.8,0
2024-08-07T07:00,69.8,0
2024-08-07T08:00,68.9,0
2024-08-07T09:00,68.4,0
2024-08-07T10:00,68.3,0
2024-08-07T11:00,67.3,0
2024-08-07T12:00,66.2,0
2024-08-07T13:00,66.4,0
2024-08-07T14:00,66.4,0
2024-08-07T15:00,69.1,0
2024-08-07T16:00,73.3,0
2024-08-07T17:00,76.9,0
2024-08-07T18:00,81.7,0
2024-08-07T19:00,86.2,0
2024-08-07T20:00,89.4,0
2024-08-07T21:00,90.8,0
2024-08-07T22:00,90.8,0
2024-08-07T23:00,88.1,0
2024-08-08T00:00,84,0
2024-08-08T01:00,80.5,0
2024-08-08T02:00,76.6,0
2024-08-08T03:00,73.6,0
2024-08-08T04:00,71.8,0
2024-08-08T05:00,70.9,0
2024-08-08T06:00,70.3,0
2024-08-08T07:00,69.4,0
2024-08-08T08:00,68.5,0
2024-08-08T09:00,67.5,0
2024-08-08T10:00,66.5,0
2024-08-08T11:00,65.6,0
2024-08-08T12:00,64.8,0
2024-08-08T13:00,65.7,0
2024-08-08T14:00,66.6,0
2024-08-08T15:00,68.9,0
2024-08-08T16:00,72.3,0
2024-08-08T17:00,75.6,0
2024-08-08T18:00,80.3,0
2024-08-08T19:00,84.1,0
2024-08-08T20:00,86.1,0
2024-08-08T21:00,86.1,0
2024-08-08T22:00,84.5,0
2024-08-08T23:00,82.4,0
2024-08-09T00:00,80.5,0
2024-08-09T01:00,77.7,0
2024-08-09T02:00,74,0
2024-08-09T03:00,70,0
2024-08-09T04:00,67.5,0
2024-08-09T05:00,66.3,0
2024-08-09T06:00,65.9,0
2024-08-09T07:00,64.8,0
2024-08-09T08:00,64.1,0
2024-08-09T09:00,63.4,0
2024-08-09T10:00,63,0
2024-08-09T11:00,62.5,0
2024-08-09T12:00,61.7,0
2024-08-09T13:00,63,0
2024-08-09T14:00,63.2,0
2024-08-09T15:00,65.6,0
2024-08-09T16:00,69.1,0
2024-08-09T17:00,74.7,0
2024-08-09T18:00,80.3,0
2024-08-09T19:00,85.4,0
2024-08-09T20:00,88.4,0
2024-08-09T21:00,87.2,0
2024-08-09T22:00,86.9,0
2024-08-09T23:00,86.6,0
2024-08-10T00:00,84.3,0
2024-08-10T01:00,79.3,0
2024-08-10T02:00,74.5,0
2024-08-10T03:00,70.8,0
2024-08-10T04:00,68.8,0
2024-08-10T05:00,67.1,0
2024-08-10T06:00,66.4,0
2024-08-10T07:00,66.4,0
2024-08-10T08:00,66.3,0
2024-08-10T09:00,65.8,0
2024-08-10T10:00,65.3,0
2024-08-10T11:00,65,0
2024-08-10T12:00,64.3,0
2024-08-10T13:00,63.9,0
2024-08-10T14:00,63.8,0
2024-08-10T15:00,66.2,0
2024-08-10T16:00,70.3,0
2024-08-10T17:00,76.3,0
2024-08-10T18:00,82.6,0
2024-08-10T19:00,88.7,0
2024-08-10T20:00,92.7,0
2024-08-10T21:00,93.1,0
2024-08-10T22:00,90.7,0
2024-08-10T23:00,87.8,0
2024-08-11T00:00,85.1,0
2024-08-11T01:00,81.6,0
2024-08-11T02:00,78.4,0
2024-08-11T03:00,74.9,0
2024-08-11T04:00,72.9,0
2024-08-11T05:00,71.7,0
2024-08-11T06:00,71.1,0
2024-08-11T07:00,70.9,0
2024-08-11T08:00,69.8,0
2024-08-11T09:00,69.2,0
2024-08-11T10:00,68.1,0
2024-08-11T11:00,67.8,0
2024-08-11T12:00,68.9,0
2024-08-11T13:00,65.7,0
2024-08-11T14:00,66.6,0
2024-08-11T15:00,69.8,0
2024-08-11T16:00,74.3,0
2024-08-11T17:00,80.4,0
2024-08-11T18:00,84.8,0
2024-08-11T19:00,89.1,0
2024-08-11T20:00,91.7,0
2024-08-11T21:00,93,0
2024-08-11T22:00,92,0
2024-08-11T23:00,88.7,0
2024-08-12T00:00,86.2,0
2024-08-12T01:00,81.7,0
2024-08-12T02:00,78.8,0
2024-08-12T03:00,75.9,0
2024-08-12T04:00,74.3,0
2024-08-12T05:00,73.3,0
2024-08-12T06:00,72.5,0
2024-08-12T07:00,71.8,0
2024-08-12T08:00,71.5,0
2024-08-12T09:00,70.5,0
2024-08-12T10:00,69.3,0
2024-08-12T11:00,68.1,0
2024-08-12T12:00,67.1,0
2024-08-12T13:00,66.9,0
2024-08-12T14:00,67.1,0
2024-08-12T15:00,70.7,0
2024-08-12T16:00,75.3,0
2024-08-12T17:00,80.9,0
2024-08-12T18:00,86,0
2024-08-12T19:00,89.2,0
2024-08-12T20:00,90,0
2024-08-12T21:00,89.2,0
2024-08-12T22:00,87.9,0
2024-08-12T23:00,86.5,0
2024-08-13T00:00,84.1,0
2024-08-13T01:00,81.5,0
2024-08-13T02:00,77.5,0
2024-08-13T03:00,73.1,0
2024-08-13T04:00,70.5,0
2024-08-13T05:00,69.3,0
2024-08-13T06:00,68.5,0
2024-08-13T07:00,67.9,0
2024-08-13T08:00,67.5,0
2024-08-13T09:00,67,0
2024-08-13T10:00,66.2,0
2024-08-13T11:00,65.3,0
2024-08-13T12:00,65.1,0
2024-08-13T13:00,64.6,0
2024-08-13T14:00,65,0
2024-08-13T15:00,68.4,0
2024-08-13T16:00,73,0
2024-08-13T17:00,78,0
2024-08-13T18:00,82.8,0
2024-08-13T19:00,87.8,0
2024-08-13T20:00,91.1,0
2024-08-13T21:00,91.1,0
2024-08-13T22:00,89.1,0
2024-08-13T23:00,87.8,0
2024-08-14T00:00,85.8,0
2024-08-14T01:00,80.1,0
2024-08-14T02:00,76.4,0
2024-08-14T03:00,73.1,0
2024-08-14T04:00,70.8,0
2024-08-14T05:00,68.9,0
2024-08-14T06:00,67.9,0
2024-08-14T07:00,67.2,0
2024-08-14T08:00,66.9,0
2024-08-14T09:00,66.2,0
2024-08-14T10:00,65.5,0
2024-08-14T11:00,64.4,0
2024-08-14T12:00,63.5,0
2024-08-14T13:00,63.9,0
2024-08-14T14:00,65.1,0
2024-08-14T15:00,68.4,0
2024-08-14T16:00,72.3,0
2024-08-14T17:00,76.9,0
2024-08-14T18:00,82.1,0
2024-08-14T19:00,87.1,0
2024-08-14T20:00,90.1,0
2024-08-14T21:00,90.5,0
2024-08-14T22:00,90.1,0
2024-08-14T23:00,88.7,0
2024-08-15T00:00,86.4,0
2024-08-15T01:00,81.1,0
2024-08-15T02:00,77.5,0
2024-08-15T03:00,74.1,0
2024-08-15T04:00,72.1,0
2024-08-15T05:00,70.6,0
2024-08-15T06:00,69,0
2024-08-15T07:00,68.3,0
2024-08-15T08:00,67.8,0
2024-08-15T09:00,66.9,0
2024-08-15T10:00,68.2,0
2024-08-15T11:00,66.3,0
2024-08-15T12:00,64.6,0
2024-08-15T13:00,65.1,0
2024-08-15T14:00,65.2,0
2024-08-15T15:00,68.9,0
2024-08-15T16:00,73.7,0
2024-08-15T17:00,78.8,0
2024-08-15T18:00,84.3,0
2024-08-15T19:00,88.8,0
2024-08-15T20:00,91.6,0
2024-08-15T21:00,91.9,0
2024-08-15T22:00,89.7,0
2024-08-15T23:00,88.7,0
2024-08-16T00:00,87.9,0
2024-08-16T01:00,84.7,0
2024-08-16T02:00,82.3,0
2024-08-16T03:00,79.1,0
2024-08-16T04:00,76,0
2024-08-16T05:00,73.4,0
2024-08-16T06:00,72.3,0
2024-08-16T07:00,71.4,0
2024-08-16T08:00,69.8,0
2024-08-16T09:00,67.7,0
2024-08-16T10:00,66.2,0
2024-08-16T11:00,64.7,0
2024-08-16T12:00,63.8,0
2024-08-16T13:00,65.6,0
2024-08-16T14:00,65.6,0
2024-08-16T15:00,65.9,0
2024-08-16T16:00,69.4,0
2024-08-16T17:00,76.1,0
2024-08-16T18:00,82.8,0
2024-08-16T19:00,88.3,0
2024-08-16T20:00,91.9,0
2024-08-16T21:00,92.9,0
2024-08-16T22:00,91.6,0
2024-08-16T23:00,87.8,0
2024-08-17T00:00,84.6,0
2024-08-17T01:00,80.6,0
2024-08-17T02:00,76,0
2024-08-17T03:00,72.2,0
2024-08-17T04:00,71.3,0
2024-08-17T05:00,70.6,0
2024-08-17T06:00,70,0
2024-08-17T07:00,69,0
2024-08-17T08:00,67.9,0
2024-08-17T09:00,67.1,0
2024-08-17T10:00,66.5,0
2024-08-17T11:00,66.1,0
2024-08-17T12:00,65.9,0
2024-08-17T13:00,67.4,0
2024-08-17T14:00,67.9,0
2024-08-17T15:00,69,0
2024-08-17T16:00,70.9,0
2024-08-17T17:00,73.9,0
2024-08-17T18:00,78.6,0
2024-08-17T19:00,83.3,0
2024-08-17T20:00,85.2,0
2024-08-17T21:00,85.1,0
2024-08-17T22:00,84.9,0
2024-08-17T23:00,83.1,0
2024-08-18T00:00,80.8,0
2024-08-18T01:00,77.2,0
2024-08-18T02:00,73.3,0
2024-08-18T03:00,69.9,0
2024-08-18T04:00,68.5,0
2024-08-18T05:00,67.5,0
2024-08-18T06:00,66.4,0
2024-08-18T07:00,65.6,0
2024-08-18T08:00,64.7,0
2024-08-18T09:00,64.1,0
2024-08-18T10:00,63.5,0
2024-08-18T11:00,62.7,0
2024-08-18T12:00,61.8,0
2024-08-18T13:00,62.9,0
2024-08-18T14:00,62.9,0
2024-08-18T15:00,64.3,0
2024-08-18T16:00,67.5,0
2024-08-18T17:00,73,0
2024-08-18T18:00,78.8,0
2024-08-18T19:00,84,0
2024-08-18T20:00,86.3,0
2024-08-18T21:00,85.5,0
2024-08-18T22:00,84.4,0
2024-08-18T23:00,83.5,0
2024-08-19T00:00,81.9,0
2024-08-19T01:00,78.3,0
2024-08-19T02:00,74.5,0
2024-08-19T03:00,70.7,0
2024-08-19T04:00,68.9,0
2024-08-19T05:00,67.5,0
2024-08-19T06:00,66.4,0
2024-08-19T07:00,65.6,0
2024-08-19T08:00,65,0
2024-08-19T09:00,64,0
2024-08-19T10:00,63.2,0
2024-08-19T11:00,63.1,0
2024-08-19T12:00,61.9,0
2024-08-19T13:00,62,0
2024-08-19T14:00,62.3,0
2024-08-19T15:00,65.4,0
2024-08-19T16:00,71,0
2024-08-19T17:00,77.4,0
2024-08-19T18:00,84,0
2024-08-19T19:00,89.7,0
2024-08-19T20:00,92.2,0
2024-08-19T21:00,92.3,0
2024-08-19T22:00,91.6,0
2024-08-19T23:00,90.5,0
2024-08-20T00:00,88.2,0
2024-08-20T01:00,84.4,0
2024-08-20T02:00,79.7,0
2024-08-20T03:00,76.1,0
2024-08-20T04:00,73.4,0
2024-08-20T05:00,71.3,0
2024-08-20T06:00,69.8,0
2024-08-20T07:00,68.7,0
2024-08-20T08:00,67.5,0
2024-08-20T09:00,66.2,0
2024-08-20T10:00,66.9,0
2024-08-20T11:00,68.6,0
2024-08-20T12:00,68.3,0
2024-08-20T13:00,67.4,0
2024-08-20T14:00,64.4,0
2024-08-20T15:00,68.7,0
2024-08-20T16:00,74.6,0
2024-08-20T17:00,81.4,0
2024-08-20T18:00,89,0
2024-08-20T19:00,95.3,0
2024-08-20T20:00,98.6,0
2024-08-20T21:00,98.6,0
2024-08-20T22:00,96.2,0
2024-08-20T23:00,94.6,0
2024-08-21T00:00,94.1,0
2024-08-21T01:00,88.7,0
2024-08-21T02:00,82.9,0
2024-08-21T03:00,77.5,0
2024-08-21T04:00,75.1,0
2024-08-21T05:00,72.1,0
2024-08-21T06:00,70.1,0
2024-08-21T07:00,69.8,0
2024-08-21T08:00,70,0
2024-08-21T09:00,68.5,0
2024-08-21T10:00,66.8,0
2024-08-21T11:00,64.8,0
2024-08-21T12:00,63.8,0
2024-08-21T13:00,63.1,0
2024-08-21T14:00,64.6,0
2024-08-21T15:00,66.8,0
2024-08-21T16:00,71.4,0
2024-08-21T17:00,77,0
2024-08-21T18:00,83.3,0
2024-08-21T19:00,89.3,0
2024-08-21T20:00,94.1,0
2024-08-21T21:00,95.6,0
2024-08-21T22:00,93.2,0
2024-08-21T23:00,89.5,0
2024-08-22T00:00,86.2,0
2024-08-22T01:00,82.5,0
2024-08-22T02:00,78.3,0
2024-08-22T03:00,74,0
2024-08-22T04:00,72.1,0
2024-08-22T05:00,71.6,0
2024-08-22T06:00,70.6,0
2024-08-22T07:00,68.8,0
2024-08-22T08:00,67.6,0
2024-08-22T09:00,66.5,0
2024-08-22T10:00,65.5,0
2024-08-22T11:00,65.1,0
2024-08-22T12:00,64.8,0
2024-08-22T13:00,65.6,0
2024-08-22T14:00,65.8,0
2024-08-22T15:00,67.1,0
2024-08-22T16:00,69.5,0
2024-08-22T17:00,74,0
2024-08-22T18:00,79.4,0
2024-08-22T19:00,84.5,0
2024-08-22T20:00,86.9,0
2024-08-22T21:00,86.1,0
2024-08-22T22:00,85,0
2024-08-22T23:00,83.6,0
2024-08-23T00:00,81.3,0
2024-08-23T01:00,76.8,0
2024-08-23T02:00,72.7,0
2024-08-23T03:00,68.6,0
2024-08-23T04:00,66.8,0
2024-08-23T05:00,65.5,0
2024-08-23T06:00,64.6,0
2024-08-23T07:00,63.9,0
2024-08-23T08:00,63.3,0
2024-08-23T09:00,62.6,0
2024-08-23T10:00,61.9,0
2024-08-23T11:00,61.7,0
2024-08-23T12:00,62,0
2024-08-23T13:00,63.3,0
2024-08-23T14:00,63.3,0
2024-08-23T15:00,65.5,0
2024-08-23T16:00,68.8,0
2024-08-23T17:00,72.6,0
2024-08-23T18:00,76.6,0
2024-08-23T19:00,80.4,0
2024-08-23T20:00,83.1,0
2024-08-23T21:00,84.2,0
2024-08-23T22:00,83.4,0
2024-08-23T23:00,81.4,0
2024-08-24T00:00,79.3,0
2024-08-24T01:00,75.6,0
2024-08-24T02:00,72.4,0
2024-08-24T03:00,69.7,0
2024-08-24T04:00,68,0
2024-08-24T05:00,66.2,0
2024-08-24T06:00,65,0
2024-08-24T07:00,64,0
2024-08-24T08:00,63.3,0
2024-08-24T09:00,62.3,0
2024-08-24T10:00,61.2,0
2024-08-24T11:00,59.9,0
2024-08-24T12:00,58.9,0
2024-08-24T13:00,60,0
2024-08-24T14:00,60.4,0
2024-08-24T15:00,63.5,0
2024-08-24T16:00,67.4,0
2024-08-24T17:00,71.9,0
2024-08-24T18:00,76,0
2024-08-24T19:00,79.7,0
2024-08-24T20:00,82.4,0
2024-08-24T21:00,83,0
2024-08-24T22:00,82.3,0
2024-08-24T23:00,80.5,0
2024-08-25T00:00,79.5,0
2024-08-25T01:00,75.5,0
2024-08-25T02:00,73.2,0
2024-08-25T03:00,70.4,0
2024-08-25T04:00,68.3,0
2024-08-25T05:00,66.9,0
2024-08-25T06:00,65.7,0
2024-08-25T07:00,64.8,0
2024-08-25T08:00,64.1,0
2024-08-25T09:00,63.4,0
2024-08-25T10:00,62.5,0
2024-08-25T11:00,61.7,0
2024-08-25T12:00,61.2,0
2024-08-25T13:00,62.1,0
2024-08-25T14:00,63.5,0
2024-08-25T15:00,66.5,0
2024-08-25T16:00,69.8,0
2024-08-25T17:00,73.9,0
2024-08-25T18:00,77.9,0
2024-08-25T19:00,82,0
2024-08-25T20:00,85.4,0
2024-08-25T21:00,85.7,0
2024-08-25T22:00,84.3,0
2024-08-25T23:00,82.8,0
2024-08-26T00:00,81.5,0
2024-08-26T01:00,78.8,0
2024-08-26T02:00,75.2,0
2024-08-26T03:00,71.7,0
2024-08-26T04:00,69.7,0
2024-08-26T05:00,67.8,0
2024-08-26T06:00,66.8,0
2024-08-26T07:00,66,0
2024-08-26T08:00,65.2,0
2024-08-26T09:00,64.1,0
2024-08-26T10:00,63.5,0
2024-08-26T11:00,63.7,0
2024-08-26T12:00,62.6,0
2024-08-26T13:00,62.3,0
2024-08-26T14:00,63.8,0
2024-08-26T15:00,67.5,0
2024-08-26T16:00,71.8,0
2024-08-26T17:00,76.2,0
2024-08-26T18:00,80.8,0
2024-08-26T19:00,85.3,0
2024-08-26T20:00,89.2,0
2024-08-26T21:00,91,0
2024-08-26T22:00,90,0
2024-08-26T23:00,87.2,0
2024-08-27T00:00,84.1,0
2024-08-27T01:00,81.1,0
2024-08-27T02:00,75.8,0
2024-08-27T03:00,71.3,0
2024-08-27T04:00,69.5,0
2024-08-27T05:00,68.8,0
2024-08-27T06:00,68.7,0
2024-08-27T07:00,68,0
2024-08-27T08:00,67.7,0
2024-08-27T09:00,67.4,0
2024-08-27T10:00,66.7,0
2024-08-27T11:00,63.7,0
2024-08-27T12:00,62.7,0
2024-08-27T13:00,62.6,0
2024-08-27T14:00,63.4,0
2024-08-27T15:00,67.1,0
2024-08-27T16:00,70.8,0
2024-08-27T17:00,75.4,0
2024-08-27T18:00,80.2,0
2024-08-27T19:00,85.1,0
2024-08-27T20:00,88.9,0
2024-08-27T21:00,90.1,0
2024-08-27T22:00,89.1,0
2024-08-27T23:00,86,0
2024-08-28T00:00,82.9,0
2024-08-28T01:00,77.8,0
2024-08-28T02:00,73.2,0
2024-08-28T03:00,69.2,0
2024-08-28T04:00,67.6,0
2024-08-28T05:00,66.2,0
2024-08-28T06:00,65.3,0
2024-08-28T07:00,64.6,0
2024-08-28T08:00,63.7,0
2024-08-28T09:00,62.7,0
2024-08-28T10:00,61.7,0
2024-08-28T11:00,60.9,0
2024-08-28T12:00,60.3,0
2024-08-28T13:00,61.5,0
2024-08-28T14:00,61.7,0
2024-08-28T15:00,63.1,0
2024-08-28T16:00,65.4,0
2024-08-28T17:00,69.8,0
2024-08-28T18:00,74.7,0
2024-08-28T19:00,79.7,0
2024-08-28T20:00,83.8,0
2024-08-28T21:00,85.1,0
2024-08-28T22:00,83.5,0
2024-08-28T23:00,80.8,0
2024-08-29T00:00,77.6,0
2024-08-29T01:00,74.3,0
2024-08-29T02:00,69.8,0
2024-08-29T03:00,66.2,0
2024-08-29T04:00,65.3,0
2024-08-29T05:00,64.4,0
2024-08-29T06:00,63.2,0
2024-08-29T07:00,61.9,0
2024-08-29T08:00,61.3,0
2024-08-29T09:00,60.7,0
2024-08-29T10:00,60,0
2024-08-29T11:00,59.5,0
2024-08-29T12:00,58.8,0
2024-08-29T13:00,60.5,0
2024-08-29T14:00,60.8,0
2024-08-29T15:00,62.7,0
2024-08-29T16:00,65.6,0
2024-08-29T17:00,69.3,0
2024-08-29T18:00,73.8,0
2024-08-29T19:00,78.3,0
2024-08-29T20:00,81.2,0
2024-08-29T21:00,81.5,0
2024-08-29T22:00,80.6,0
2024-08-29T23:00,79.4,0
2024-08-30T00:00,77.2,0
2024-08-30T01:00,72.7,0
2024-08-30T02:00,69.1,0
2024-08-30T03:00,66.1,0
2024-08-30T04:00,64.6,0
2024-08-30T05:00,63.8,0
2024-08-30T06:00,63.1,0
2024-08-30T07:00,62.2,0
2024-08-30T08:00,60.9,0
2024-08-30T09:00,60.2,0
2024-08-30T10:00,59.9,0
2024-08-30T11:00,59.8,0
2024-08-30T12:00,59.3,0
2024-08-30T13:00,59.7,0
2024-08-30T14:00,59.5,0
2024-08-30T15:00,60,0
2024-08-30T16:00,61.7,0
2024-08-30T17:00,67.2,0
2024-08-30T18:00,72.5,0
2024-08-30T19:00,77.4,0
2024-08-30T20:00,80.1,0
2024-08-30T21:00,80.7,0
2024-08-30T22:00,80.6,0
2024-08-30T23:00,79.9,0
2024-08-31T00:00,77.7,0
2024-08-31T01:00,72.2,0
2024-08-31T02:00,68.9,0
2024-08-31T03:00,66.5,0
2024-08-31T04:00,65.3,0
2024-08-31T05:00,64.9,0
2024-08-31T06:00,64.7,0
2024-08-31T07:00,63.7,0
2024-08-31T08:00,62.9,0
2024-08-31T09:00,62.1,0
2024-08-31T10:00,61.4,0
2024-08-31T11:00,60.7,0
2024-08-31T12:00,60,0
2024-08-31T13:00,60.8,0
2024-08-31T14:00,60.3,0
2024-08-31T15:00,61,0
2024-08-31T16:00,64.1,0
2024-08-31T17:00,69.4,0
2024-08-31T18:00,75.2,0
2024-08-31T19:00,81.3,0
2024-08-31T20:00,86.3,0
2024-08-31T21:00,87.7,0
2024-08-31T22:00,86.5,0
2024-08-31T23:00,84.9,0
2024-09-01T00:00,82.2,0
2024-09-01T01:00,77.7,0
2024-09-01T02:00,73.4,0
2024-09-01T03:00,70.6,0
2024-09-01T04:00,69.2,0
2024-09-01T05:00,68,0
2024-09-01T06:00,67.4,0
2024-09-01T07:00,67.1,0
2024-09-01T08:00,65.9,0
2024-09-01T09:00,65.3,0
2024-09-01T10:00,64.2,0
2024-09-01T11:00,63.4,0
2024-09-01T12:00,62.6,0
2024-09-01T13:00,62.7,0
2024-09-01T14:00,62.6,0
2024-09-01T15:00,63.7,0
2024-09-01T16:00,67.8,0
2024-09-01T17:00,73,0
2024-09-01T18:00,78.8,0
2024-09-01T19:00,85.6,0
2024-09-01T20:00,89.6,0
2024-09-01T21:00,89.1,0
2024-09-01T22:00,87.4,0
2024-09-01T23:00,85.5,0
2024-09-02T00:00,83.1,0
2024-09-02T01:00,77.6,0
2024-09-02T02:00,73.5,0
2024-09-02T03:00,70.8,0
2024-09-02T04:00,69.3,0
2024-09-02T05:00,69.6,0
2024-09-02T06:00,69.1,0
2024-09-02T07:00,68.2,0
2024-09-02T08:00,67.2,0
2024-09-02T09:00,66.1,0
2024-09-02T10:00,65.1,0
2024-09-02T11:00,64.3,0
2024-09-02T12:00,64.2,0
2024-09-02T13:00,63.7,0
2024-09-02T14:00,64.1,0
2024-09-02T15:00,65.7,0
2024-09-02T16:00,70,0
2024-09-02T17:00,75.8,0
2024-09-02T18:00,82.3,0
2024-09-02T19:00,88,0
2024-09-02T20:00,91.1,0
2024-09-02T21:00,90.2,0
2024-09-02T22:00,89.3,0
2024-09-02T23:00,86.4,0
2024-09-03T00:00,84.8,0
2024-09-03T01:00,80.5,0
2024-09-03T02:00,74.7,0
2024-09-03T03:00,71.8,0
2024-09-03T04:00,71.1,0
2024-09-03T05:00,70.7,0
2024-09-03T06:00,70.7,0
2024-09-03T07:00,69.9,0
2024-09-03T08:00,68.5,0
2024-09-03T09:00,67.1,0
2024-09-03T10:00,66.2,0
2024-09-03T11:00,65.3,0
2024-09-03T12:00,64.8,0
2024-09-03T13:00,65,0
2024-09-03T14:00,64.3,0
2024-09-03T15:00,65.8,0
2024-09-03T16:00,70,0
2024-09-03T17:00,75.6,0
2024-09-03T18:00,82.2,0
2024-09-03T19:00,88.7,0
2024-09-03T20:00,93,0
2024-09-03T21:00,92.6,0
2024-09-03T22:00,90.2,0
2024-09-03T23:00,88.7,0
2024-09-04T00:00,86.6,0
2024-09-04T01:00,82.1,0
2024-09-04T02:00,78.8,0
2024-09-04T03:00,75.6,0
2024-09-04T04:00,74.1,0
2024-09-04T05:00,73.4,0
2024-09-04T06:00,72.2,0
2024-09-04T07:00,70.7,0
2024-09-04T08:00,70.6,0
2024-09-04T09:00,70.7,0
2024-09-04T10:00,69.6,0
2024-09-04T11:00,68,0
2024-09-04T12:00,67.1,0
2024-09-04T13:00,73.7,0
2024-09-04T14:00,69.3,0
2024-09-04T15:00,72.7,0
2024-09-04T16:00,77.6,0
2024-09-04T17:00,83.2,0
2024-09-04T18:00,89.5,0
2024-09-04T19:00,94.2,0
2024-09-04T20:00,96.6,0
2024-09-04T21:00,97.2,0
2024-09-04T22:00,98.2,0
2024-09-04T23:00,101.8,0
2024-09-05T00:00,105.1,0
2024-09-05T01:00,99.8,0
2024-09-05T02:00,97,0
2024-09-05T03:00,93.2,0
2024-09-05T04:00,89.2,0
2024-09-05T05:00,89.6,0
2024-09-05T06:00,81.7,0
2024-09-05T07:00,77.3,0
2024-09-05T08:00,77,0
2024-09-05T09:00,77.1,0
2024-09-05T10:00,77,0
2024-09-05T11:00,76.2,0
2024-09-05T12:00,74.7,0
2024-09-05T13:00,80.5,0
2024-09-05T14:00,79.8,0
2024-09-05T15:00,80.3,0
2024-09-05T16:00,82.3,0
2024-09-05T17:00,87.8,0
2024-09-05T18:00,94.8,0
2024-09-05T19:00,100.4,0
2024-09-05T20:00,104.3,0
2024-09-05T21:00,106.6,0
2024-09-05T22:00,108.5,0
2024-09-05T23:00,108,0
2024-09-06T00:00,105.5,0
2024-09-06T01:00,102.2,0
2024-09-06T02:00,99.5,0
2024-09-06T03:00,96.8,0
2024-09-06T04:00,93.7,0
2024-09-06T05:00,92.2,0
2024-09-06T06:00,87.6,0
2024-09-06T07:00,85.3,0
2024-09-06T08:00,84.7,0
2024-09-06T09:00,83.4,0
2024-09-06T10:00,86.1,0
2024-09-06T11:00,80.6,0
2024-09-06T12:00,74.3,0
2024-09-06T13:00,86.4,0
2024-09-06T14:00,85.1,0
2024-09-06T15:00,87.4,0
2024-09-06T16:00,86,0
2024-09-06T17:00,89.8,0
2024-09-06T18:00,96.8,0
2024-09-06T19:00,103.8,0
2024-09-06T20:00,109.8,0
2024-09-06T21:00,113.7,0
2024-09-06T22:00,106.7,0
2024-09-06T23:00,102.4,0
2024-09-07T00:00,99.8,0
2024-09-07T01:00,95.6,0
2024-09-07T02:00,90.5,0
2024-09-07T03:00,87.7,0
2024-09-07T04:00,84,0
2024-09-07T05:00,80.1,0
2024-09-07T06:00,77,0
2024-09-07T07:00,78.8,0
2024-09-07T08:00,76.7,0
2024-09-07T09:00,72.9,0
2024-09-07T10:00,71.9,0
2024-09-07T11:00,71.6,0
2024-09-07T12:00,72,0
2024-09-07T13:00,72.5,0
2024-09-07T14:00,72,0
2024-09-07T15:00,74.8,0
2024-09-07T16:00,80.9,0
2024-09-07T17:00,86.7,0
2024-09-07T18:00,93.6,0
2024-09-07T19:00,99.5,0
2024-09-07T20:00,101,0
2024-09-07T21:00,100.3,0
2024-09-07T22:00,101,0
2024-09-07T23:00,101.3,0
2024-09-08T00:00,100.4,0
2024-09-08T01:00,94.4,0
2024-09-08T02:00,87.7,0
2024-09-08T03:00,83.3,0
2024-09-08T04:00,83.4,0
2024-09-08T05:00,83.3,0
2024-09-08T06:00,82.6,0
2024-09-08T07:00,85.3,0
2024-09-08T08:00,82.4,0
2024-09-08T09:00,78.9,0
2024-09-08T10:00,78,0
2024-09-08T11:00,80.3,0
2024-09-08T12:00,83.3,0
2024-09-08T13:00,76.9,0
2024-09-08T14:00,77.5,0
2024-09-08T15:00,81.4,0
2024-09-08T16:00,86.6,0
2024-09-08T17:00,95.9,0
2024-09-08T18:00,102.3,0
2024-09-08T19:00,106.2,0
2024-09-08T20:00,107.3,0
2024-09-08T21:00,105.9,0
2024-09-08T22:00,104.9,0
2024-09-08T23:00,105,0
2024-09-09T00:00,104,0
2024-09-09T01:00,95.7,0
2024-09-09T02:00,89.6,0
2024-09-09T03:00,87.6,0
2024-09-09T04:00,88.3,0
2024-09-09T05:00,84.9,0
2024-09-09T06:00,83.7,0
2024-09-09T07:00,81.9,0
2024-09-09T08:00,83.5,0
2024-09-09T09:00,83,0
2024-09-09T10:00,78.8,0
2024-09-09T11:00,81.7,0
2024-09-09T12:00,81.3,0
2024-09-09T13:00,85.8,0
2024-09-09T14:00,85.1,0
2024-09-09T15:00,85.8,0
2024-09-09T16:00,90.3,0
2024-09-09T17:00,95.6,0
2024-09-09T18:00,100.6,0
2024-09-09T19:00,103.5,0
2024-09-09T20:00,102.8,0
2024-09-09T21:00,102.7,0
2024-09-09T22:00,104.3,0
2024-09-09T23:00,106.5,0
2024-09-10T00:00,107.7,0
2024-09-10T01:00,103.1,0
2024-09-10T02:00,97.1,0
2024-09-10T03:00,93.8,0
2024-09-10T04:00,91.4,0
2024-09-10T05:00,88.5,0
2024-09-10T06:00,86,0
2024-09-10T07:00,83,0
2024-09-10T08:00,80.9,0
2024-09-10T09:00,77,0
2024-09-10T10:00,75.1,0
2024-09-10T11:00,73.9,0
2024-09-10T12:00,73.2,0
2024-09-10T13:00,72.2,0
2024-09-10T14:00,70.3,0
2024-09-10T15:00,72.8,0
2024-09-10T16:00,77.4,0
2024-09-10T17:00,83.1,0
2024-09-10T18:00,87.4,0
2024-09-10T19:00,89.9,0
2024-09-10T20:00,92.3,0
2024-09-10T21:00,92.5,0
2024-09-10T22:00,91.7,0
2024-09-10T23:00,89.2,0
2024-09-11T00:00,84.8,0
2024-09-11T01:00,78.6,0
2024-09-11T02:00,73.4,0
2024-09-11T03:00,69.9,0
2024-09-11T04:00,68.7,0
2024-09-11T05:00,67.3,0
2024-09-11T06:00,65.8,0
2024-09-11T07:00,64.7,0
2024-09-11T08:00,63.4,0
2024-09-11T09:00,61.7,0
2024-09-11T10:00,60.4,0
2024-09-11T11:00,59.8,0
2024-09-11T12:00,59.7,0
2024-09-11T13:00,59.1,0
2024-09-11T14:00,59.2,0
2024-09-11T15:00,61.4,0
2024-09-11T16:00,65.3,0
2024-09-11T17:00,70,0
2024-09-11T18:00,74.3,0
2024-09-11T19:00,78.4,0
2024-09-11T20:00,81,0
2024-09-11T21:00,81.8,0
2024-09-11T22:00,82,0
2024-09-11T23:00,81.4,0
2024-09-12T00:00,79.6,0
2024-09-12T01:00,75.8,0
2024-09-12T02:00,72.6,0
2024-09-12T03:00,69.9,0
2024-09-12T04:00,67.9,0
2024-09-12T05:00,66.1,0
2024-09-12T06:00,64.3,0
2024-09-12T07:00,62.9,0
2024-09-12T08:00,61.8,0
2024-09-12T09:00,60.8,0
2024-09-12T10:00,60,0
2024-09-12T11:00,59.5,0
2024-09-12T12:00,58.8,0
2024-09-12T13:00,60.9,0
2024-09-12T14:00,61.5,0
2024-09-12T15:00,62.5,0
2024-09-12T16:00,64.7,0
2024-09-12T17:00,69,0
2024-09-12T18:00,73.2,0
2024-09-12T19:00,77.4,0
2024-09-12T20:00,80.3,0
2024-09-12T21:00,81,0
2024-09-12T22:00,80.7,0
2024-09-12T23:00,79.5,0
2024-09-13T00:00,77.8,0
2024-09-13T01:00,74.3,0
2024-09-13T02:00,71.6,0
2024-09-13T03:00,69.5,0
2024-09-13T04:00,68.2,0
2024-09-13T05:00,67.1,0
2024-09-13T06:00,65.9,0
2024-09-13T07:00,64.6,0
2024-09-13T08:00,63.6,0
2024-09-13T09:00,63,0
2024-09-13T10:00,61.9,0
2024-09-13T11:00,62,0
2024-09-13T12:00,63.4,0
2024-09-13T13:00,65.7,0
2024-09-13T14:00,65.6,0
2024-09-13T15:00,65.9,0
2024-09-13T16:00,66.6,0
2024-09-13T17:00,68.4,0
2024-09-13T18:00,72.4,0
2024-09-13T19:00,76.9,0
2024-09-13T20:00,81.4,0
2024-09-13T21:00,82.2,0
2024-09-13T22:00,81,0
2024-09-13T23:00,79.5,0
2024-09-14T00:00,77.1,0
2024-09-14T01:00,72.4,0
2024-09-14T02:00,69.7,0
2024-09-14T03:00,68,0
2024-09-14T04:00,67.3,0
2024-09-14T05:00,66.2,0
2024-09-14T06:00,65.2,0
2024-09-14T07:00,64.8,0
2024-09-14T08:00,65.3,0
2024-09-14T09:00,65.2,0
2024-09-14T10:00,65.1,0
2024-09-14T11:00,64.9,0
2024-09-14T12:00,64.5,0
2024-09-14T13:00,65.7,0
2024-09-14T14:00,65.7,0
2024-09-14T15:00,66.2,0
2024-09-14T16:00,67.1,0
2024-09-14T17:00,69.5,0
2024-09-14T18:00,74,0
2024-09-14T19:00,77.3,0
2024-09-14T20:00,80,0
2024-09-14T21:00,81.1,0
2024-09-14T22:00,79.5,0
2024-09-14T23:00,77.2,0
2024-09-15T00:00,74.9,0
2024-09-15T01:00,70.6,0
2024-09-15T02:00,67.9,0
2024-09-15T03:00,66.2,0
2024-09-15T04:00,65.3,0
2024-09-15T05:00,64.5,0
2024-09-15T06:00,64,0
2024-09-15T07:00,63.4,0
2024-09-15T08:00,62.6,0
2024-09-15T09:00,63.2,0
2024-09-15T10:00,63.6,0
2024-09-15T11:00,63.5,0
2024-09-15T12:00,63.2,0
2024-09-15T13:00,64.1,0
2024-09-15T14:00,64.4,0
2024-09-15T15:00,65,0
2024-09-15T16:00,66.1,0
2024-09-15T17:00,68,0
2024-09-15T18:00,71.5,0
2024-09-15T19:00,74.6,0
2024-09-15T20:00,77.9,0
2024-09-15T21:00,78.6,0
2024-09-15T22:00,76.6,0
2024-09-15T23:00,74.7,0
2024-09-16T00:00,72.1,0
2024-09-16T01:00,70.3,0
2024-09-16T02:00,66.8,0
2024-09-16T03:00,65.8,0
2024-09-16T04:00,65.5,0
2024-09-16T05:00,65.2,0
2024-09-16T06:00,64.7,0
2024-09-16T07:00,64,0
2024-09-16T08:00,63.9,0
2024-09-16T09:00,63.9,0
2024-09-16T10:00,64.2,0
2024-09-16T11:00,63.5,0
2024-09-16T12:00,62.8,0
2024-09-16T13:00,63.5,0
2024-09-16T14:00,63.4,0
2024-09-16T15:00,64.4,0
2024-09-16T16:00,66.1,0.012
2024-09-16T17:00,68.9,0.008
2024-09-16T18:00,72.7,0.004
2024-09-16T19:00,74.6,0.004
2024-09-16T20:00,73.2,0.004
2024-09-16T21:00,73.5,0
2024-09-16T22:00,73.4,0
2024-09-16T23:00,73.1,0
2024-09-17T00:00,72.3,0
2024-09-17T01:00,69.6,0
2024-09-17T02:00,66.8,0
2024-09-17T03:00,65.4,0
2024-09-17T04:00,64.4,0
2024-09-17T05:00,63.2,0
2024-09-17T06:00,62.2,0
2024-09-17T07:00,61.1,0
2024-09-17T08:00,60.1,0
2024-09-17T09:00,59.1,0
2024-09-17T10:00,58.2,0
2024-09-17T11:00,57.8,0
2024-09-17T12:00,57.6,0
2024-09-17T13:00,57.5,0
2024-09-17T14:00,57.5,0
2024-09-17T15:00,60.8,0
2024-09-17T16:00,63.8,0
2024-09-17T17:00,66.9,0
2024-09-17T18:00,70.1,0
2024-09-17T19:00,73.2,0
2024-09-17T20:00,75.9,0
2024-09-17T21:00,76.9,0
2024-09-17T22:00,76.2,0
2024-09-17T23:00,74.7,0
2024-09-18T00:00,73,0
2024-09-18T01:00,70.3,0
2024-09-18T02:00,68,0
2024-09-18T03:00,66.4,0
2024-09-18T04:00,65.5,0
2024-09-18T05:00,64.7,0
2024-09-18T06:00,63.7,0
2024-09-18T07:00,62.4,0
2024-09-18T08:00,61,0
2024-09-18T09:00,59.6,0
2024-09-18T10:00,58.7,0
2024-09-18T11:00,58.3,0
2024-09-18T12:00,59.4,0
2024-09-18T13:00,58.4,0
2024-09-18T14:00,59.4,0
2024-09-18T15:00,62.6,0
2024-09-18T16:00,65.2,0
2024-09-18T17:00,68.9,0
2024-09-18T18:00,72,0
2024-09-18T19:00,75.1,0
2024-09-18T20:00,78.2,0
2024-09-18T21:00,77.9,0
2024-09-18T22:00,76.8,0
2024-09-18T23:00,75.2,0
2024-09-19T00:00,73,0
2024-09-19T01:00,69,0
2024-09-19T02:00,66.8,0
2024-09-19T03:00,65.9,0
2024-09-19T04:00,65.3,0
2024-09-19T05:00,64.9,0
2024-09-19T06:00,64.2,0
2024-09-19T07:00,63.7,0
2024-09-19T08:00,63.7,0
2024-09-19T09:00,63.7,0
2024-09-19T10:00,63.9,0
2024-09-19T11:00,64,0
2024-09-19T12:00,64.1,0
2024-09-19T13:00,64.9,0
2024-09-19T14:00,64.6,0.004
2024-09-19T15:00,64.6,0.012
2024-09-19T16:00,65.3,0.004
2024-09-19T17:00,67.1,0
2024-09-19T18:00,69.6,0
2024-09-19T19:00,72.4,0
2024-09-19T20:00,74.2,0
2024-09-19T21:00,74.6,0
2024-09-19T22:00,74.7,0
2024-09-19T23:00,74.8,0
2024-09-20T00:00,71.9,0
2024-09-20T01:00,68.8,0
2024-09-20T02:00,66.4,0
2024-09-20T03:00,64.6,0
2024-09-20T04:00,63.7,0
2024-09-20T05:00,62.9,0
2024-09-20T06:00,62.3,0
2024-09-20T07:00,61.6,0
2024-09-20T08:00,60.9,0
2024-09-20T09:00,61.3,0
2024-09-20T10:00,60.7,0
2024-09-20T11:00,60.1,0
2024-09-20T12:00,60.4,0
2024-09-20T13:00,62.4,0
2024-09-20T14:00,63.2,0
2024-09-20T15:00,64.1,0
2024-09-20T16:00,65.9,0
2024-09-20T17:00,68,0
2024-09-20T18:00,71.6,0
2024-09-20T19:00,75.7,0
2024-09-20T20:00,78.8,0
2024-09-20T21:00,75.9,0
2024-09-20T22:00,74.8,0
2024-09-20T23:00,73.4,0
2024-09-21T00:00,72.1,0
2024-09-21T01:00,69.1,0
2024-09-21T02:00,67.1,0
2024-09-21T03:00,65.2,0
2024-09-21T04:00,63.7,0
2024-09-21T05:00,63,0
2024-09-21T06:00,62.3,0
2024-09-21T07:00,61.7,0
2024-09-21T08:00,60.8,0
2024-09-21T09:00,60,0
2024-09-21T10:00,59.5,0
2024-09-21T11:00,58.9,0
2024-09-21T12:00,58.3,0
2024-09-21T13:00,59.8,0
2024-09-21T14:00,59.9,0
2024-09-21T15:00,60,0
2024-09-21T16:00,60.7,0
2024-09-21T17:00,62.5,0
2024-09-21T18:00,65.3,0
2024-09-21T19:00,70.2,0
2024-09-21T20:00,74.7,0
2024-09-21T21:00,78.4,0
2024-09-21T22:00,78.4,0
2024-09-21T23:00,76.6,0
2024-09-22T00:00,73.8,0
2024-09-22T01:00,69,0
2024-09-22T02:00,65.6,0
2024-09-22T03:00,64.6,0
2024-09-22T04:00,64.3,0
2024-09-22T05:00,63.6,0
2024-09-22T06:00,62.6,0
2024-09-22T07:00,61.8,0
2024-09-22T08:00,60.9,0
2024-09-22T09:00,60.2,0
2024-09-22T10:00,59.5,0
2024-09-22T11:00,58.5,0
2024-09-22T12:00,58,0
2024-09-22T13:00,58.7,0
2024-09-22T14:00,58.7,0
2024-09-22T15:00,59.1,0
2024-09-22T16:00,61.5,0
2024-09-22T17:00,67,0
2024-09-22T18:00,72.8,0
2024-09-22T19:00,78.2,0
2024-09-22T20:00,80.2,0
2024-09-22T21:00,79.8,0
2024-09-22T22:00,80.2,0
2024-09-22T23:00,78.8,0
2024-09-23T00:00,76.3,0
2024-09-23T01:00,72.2,0
2024-09-23T02:00,67.8,0
2024-09-23T03:00,65.8,0
2024-09-23T04:00,64.4,0
2024-09-23T05:00,63.2,0
2024-09-23T06:00,63.2,0
2024-09-23T07:00,62.7,0
2024-09-23T08:00,61.5,0
2024-09-23T09:00,60.5,0
2024-09-23T10:00,59.6,0
2024-09-23T11:00,58.9,0
2024-09-23T12:00,58.6,0
2024-09-23T13:00,58.8,0
2024-09-23T14:00,58.5,0
2024-09-23T15:00,58.9,0
2024-09-23T16:00,59.5,0
2024-09-23T17:00,65.3,0
2024-09-23T18:00,73.2,0
2024-09-23T19:00,80.6,0
2024-09-23T20:00,85.8,0
2024-09-23T21:00,86.7,0
2024-09-23T22:00,85.5,0
2024-09-23T23:00,82.3,0
2024-09-24T00:00,78.2,0
2024-09-24T01:00,72.9,0
2024-09-24T02:00,67,0
2024-09-24T03:00,64.8,0
2024-09-24T04:00,63.5,0
2024-09-24T05:00,63.1,0
2024-09-24T06:00,64.3,0
2024-09-24T07:00,63.4,0
2024-09-24T08:00,61.6,0
2024-09-24T09:00,61.1,0
2024-09-24T10:00,60.8,0
2024-09-24T11:00,60.7,0
2024-09-24T12:00,60.3,0
2024-09-24T13:00,60,0
2024-09-24T14:00,59.7,0
2024-09-24T15:00,59.8,0
2024-09-24T16:00,61.7,0
2024-09-24T17:00,65.7,0
2024-09-24T18:00,71.4,0
2024-09-24T19:00,76.8,0
2024-09-24T20:00,80.5,0
2024-09-24T21:00,82.3,0
2024-09-24T22:00,81.3,0
2024-09-24T23:00,75.5,0
2024-09-25T00:00,72.7,0
2024-09-25T01:00,68,0
2024-09-25T02:00,64.8,0
2024-09-25T03:00,63.7,0
2024-09-25T04:00,62.8,0
2024-09-25T05:00,62.4,0
2024-09-25T06:00,61.7,0
2024-09-25T07:00,61.1,0
2024-09-25T08:00,60.3,0
2024-09-25T09:00,59.7,0
2024-09-25T10:00,59.3,0
2024-09-25T11:00,58.7,0
2024-09-25T12:00,58.3,0
2024-09-25T13:00,59.4,0
2024-09-25T14:00,59.5,0
2024-09-25T15:00,60.4,0
2024-09-25T16:00,61.9,0
2024-09-25T17:00,65.3,0
2024-09-25T18:00,70,0
2024-09-25T19:00,74.7,0
2024-09-25T20:00,76.7,0
2024-09-25T21:00,77.1,0
2024-09-25T22:00,77.1,0
2024-09-25T23:00,76.6,0
2024-09-26T00:00,74.2,0
2024-09-26T01:00,69.9,0
2024-09-26T02:00,65.3,0
2024-09-26T03:00,63.2,0
2024-09-26T04:00,62.7,0
2024-09-26T05:00,61.7,0
2024-09-26T06:00,60.6,0
2024-09-26T07:00,59.2,0
2024-09-26T08:00,58.4,0
2024-09-26T09:00,57.9,0
2024-09-26T10:00,57.4,0
2024-09-26T11:00,56.6,0
2024-09-26T12:00,56.3,0
2024-09-26T13:00,56.7,0
2024-09-26T14:00,56.3,0
2024-09-26T15:00,56.4,0
2024-09-26T16:00,58.9,0
2024-09-26T17:00,63.3,0
2024-09-26T18:00,68.1,0
2024-09-26T19:00,73,0
2024-09-26T20:00,77.3,0
2024-09-26T21:00,78.6,0
2024-09-26T22:00,77.3,0
2024-09-26T23:00,76,0
2024-09-27T00:00,73.7,0
2024-09-27T01:00,70,0
2024-09-27T02:00,66.6,0
2024-09-27T03:00,64.2,0
2024-09-27T04:00,62.5,0
2024-09-27T05:00,61.7,0
2024-09-27T06:00,60.4,0
2024-09-27T07:00,59.2,0
2024-09-27T08:00,58.7,0
2024-09-27T09:00,57.9,0
2024-09-27T10:00,57.6,0
2024-09-27T11:00,56.8,0
2024-09-27T12:00,56.4,0
2024-09-27T13:00,57,0
2024-09-27T14:00,55.8,0
2024-09-27T15:00,55.8,0
2024-09-27T16:00,58,0
2024-09-27T17:00,63.2,0
2024-09-27T18:00,68.9,0
2024-09-27T19:00,73.9,0
2024-09-27T20:00,77.9,0
2024-09-27T21:00,79.3,0
2024-09-27T22:00,79.1,0
2024-09-27T23:00,77.1,0
2024-09-28T00:00,73.2,0
2024-09-28T01:00,68.2,0
2024-09-28T02:00,64.3,0
2024-09-28T03:00,62.4,0
2024-09-28T04:00,61,0
2024-09-28T05:00,60.1,0
2024-09-28T06:00,59.2,0
2024-09-28T07:00,58,0
2024-09-28T08:00,57,0
2024-09-28T09:00,56.6,0
2024-09-28T10:00,55.9,0
2024-09-28T11:00,56.4,0
2024-09-28T12:00,56.3,0
2024-09-28T13:00,58,0
2024-09-28T14:00,56.8,0
2024-09-28T15:00,56.7,0
2024-09-28T16:00,58.1,0
2024-09-28T17:00,63.5,0
2024-09-28T18:00,70.1,0
2024-09-28T19:00,74.9,0
2024-09-28T20:00,78.9,0
2024-09-28T21:00,80.6,0
2024-09-28T22:00,78.4,0
2024-09-28T23:00,76.2,0
2024-09-29T00:00,74.6,0
2024-09-29T01:00,71.3,0
2024-09-29T02:00,66.2,0
2024-09-29T03:00,64.1,0
2024-09-29T04:00,63.2,0
2024-09-29T05:00,61.5,0
2024-09-29T06:00,60.4,0
2024-09-29T07:00,59.1,0
2024-09-29T08:00,58.3,0
2024-09-29T09:00,58.2,0
2024-09-29T10:00,58.3,0
2024-09-29T11:00,57.5,0
2024-09-29T12:00,56.9,0
2024-09-29T13:00,56.7,0
2024-09-29T14:00,57,0
2024-09-29T15:00,57.4,0
2024-09-29T16:00,59.7,0
2024-09-29T17:00,66.2,0
2024-09-29T18:00,73.4,0
2024-09-29T19:00,78.3,0
2024-09-29T20:00,79.6,0
2024-09-29T21:00,80,0
2024-09-29T22:00,80,0
2024-09-29T23:00,79.8,0
2024-09-30T00:00,77.8,0
2024-09-30T01:00,74.3,0
2024-09-30T02:00,68.7,0
2024-09-30T03:00,66.1,0
2024-09-30T04:00,63.9,0
2024-09-30T05:00,62.6,0
2024-09-30T06:00,61.6,0
2024-09-30T07:00,60.1,0
2024-09-30T08:00,60,0
2024-09-30T09:00,59.6,0
2024-09-30T10:00,57.8,0
2024-09-30T11:00,57,0
2024-09-30T12:00,57,0
2024-09-30T13:00,57.6,0
2024-09-30T14:00,57.1,0
2024-09-30T15:00,58.8,0
2024-09-30T16:00,63.3,0
2024-09-30T17:00,69.8,0
2024-09-30T18:00,76.9,0
2024-09-30T19:00,84.6,0
2024-09-30T20:00,90.5,0
2024-09-30T21:00,92,0
2024-09-30T22:00,89.8,0
2024-09-30T23:00,86,0
2024-10-01T00:00,81,0
2024-10-01T01:00,72.9,0
2024-10-01T02:00,68.9,0
2024-10-01T03:00,67,0
2024-10-01T04:00,66,0
2024-10-01T05:00,64.9,0
2024-10-01T06:00,63.7,0
2024-10-01T07:00,62.3,0
2024-10-01T08:00,61.8,0
2024-10-01T09:00,61.1,0
2024-10-01T10:00,60.8,0
2024-10-01T11:00,61.5,0
2024-10-01T12:00,61.4,0
2024-10-01T13:00,59.2,0
2024-10-01T14:00,59.4,0
2024-10-01T15:00,60.6,0
2024-10-01T16:00,62.6,0
2024-10-01T17:00,69.4,0
2024-10-01T18:00,77,0
2024-10-01T19:00,84.7,0
2024-10-01T20:00,90.4,0
2024-10-01T21:00,89.6,0
2024-10-01T22:00,85.4,0
2024-10-01T23:00,81.5,0
2024-10-02T00:00,78.8,0
2024-10-02T01:00,76.8,0
2024-10-02T02:00,71.6,0
2024-10-02T03:00,67.2,0
2024-10-02T04:00,65.7,0
2024-10-02T05:00,65.5,0
2024-10-02T06:00,65.6,0
2024-10-02T07:00,64.9,0
2024-10-02T08:00,63.8,0
2024-10-02T09:00,63,0
2024-10-02T10:00,62.2,0
2024-10-02T11:00,61.2,0
2024-10-02T12:00,60.3,0
2024-10-02T13:00,59.6,0
2024-10-02T14:00,59.7,0
2024-10-02T15:00,61.1,0
2024-10-02T16:00,63.2,0
2024-10-02T17:00,69.8,0
2024-10-02T18:00,79,0
2024-10-02T19:00,86.7,0
2024-10-02T20:00,92,0
2024-10-02T21:00,93.1,0
2024-10-02T22:00,92.7,0
2024-10-02T23:00,91.4,0
2024-10-03T00:00,87.5,0
2024-10-03T01:00,81.8,0
2024-10-03T02:00,76.4,0
2024-10-03T03:00,74,0
2024-10-03T04:00,69.2,0
2024-10-03T05:00,66.2,0
2024-10-03T06:00,66.2,0
2024-10-03T07:00,65.4,0
2024-10-03T08:00,65.1,0
2024-10-03T09:00,65,0
2024-10-03T10:00,65.4,0
2024-10-03T11:00,65.3,0
2024-10-03T12:00,65.3,0
2024-10-03T13:00,62.6,0
2024-10-03T14:00,64.6,0
2024-10-03T15:00,65.1,0
2024-10-03T16:00,67.5,0
2024-10-03T17:00,71.5,0
2024-10-03T18:00,77,0
2024-10-03T19:00,83.2,0
2024-10-03T20:00,88.8,0
2024-10-03T21:00,92.8,0
2024-10-03T22:00,93.3,0
2024-10-03T23:00,92.9,0
2024-10-04T00:00,88.8,0
2024-10-04T01:00,81.5,0
2024-10-04T02:00,75.3,0
2024-10-04T03:00,70.9,0
2024-10-04T04:00,67.7,0
2024-10-04T05:00,65.7,0
2024-10-04T06:00,64.4,0
2024-10-04T07:00,64.2,0
2024-10-04T08:00,62.6,0
2024-10-04T09:00,61.8,0
2024-10-04T10:00,62.2,0
2024-10-04T11:00,61.2,0
2024-10-04T12:00,60.2,0
2024-10-04T13:00,61.5,0
2024-10-04T14:00,61.3,0
2024-10-04T15:00,61.4,0
2024-10-04T16:00,62.1,0
2024-10-04T17:00,66.2,0
2024-10-04T18:00,73.7,0
2024-10-04T19:00,79.5,0
2024-10-04T20:00,82.7,0
2024-10-04T21:00,86.2,0
2024-10-04T22:00,88.5,0
2024-10-04T23:00,84.7,0
2024-10-05T00:00,82.6,0
2024-10-05T01:00,77.8,0
2024-10-05T02:00,72.7,0
2024-10-05T03:00,70.5,0
2024-10-05T04:00,68.8,0
2024-10-05T05:00,66.9,0
2024-10-05T06:00,65.2,0
2024-10-05T07:00,62.9,0
2024-10-05T08:00,62.3,0
2024-10-05T09:00,62.2,0
2024-10-05T10:00,61.5,0
2024-10-05T11:00,60.9,0
2024-10-05T12:00,60.8,0
2024-10-05T13:00,61.5,0
2024-10-05T14:00,61.2,0
2024-10-05T15:00,61.1,0
2024-10-05T16:00,62.2,0
2024-10-05T17:00,68.2,0
2024-10-05T18:00,75.2,0
2024-10-05T19:00,81.3,0
2024-10-05T20:00,83.8,0
2024-10-05T21:00,83.3,0
2024-10-05T22:00,84.3,0
2024-10-05T23:00,85.5,0
2024-10-06T00:00,81.3,0
2024-10-06T01:00,70.6,0
2024-10-06T02:00,68,0
2024-10-06T03:00,65.3,0
2024-10-06T04:00,63.8,0
2024-10-06T05:00,63,0
2024-10-06T06:00,63.7,0
2024-10-06T07:00,64.4,0
2024-10-06T08:00,62.7,0
2024-10-06T09:00,62.1,0
2024-10-06T10:00,61.6,0
2024-10-06T11:00,61.4,0
2024-10-06T12:00,60.7,0
2024-10-06T13:00,59.9,0
2024-10-06T14:00,59.5,0
2024-10-06T15:00,59.9,0
2024-10-06T16:00,60.8,0
2024-10-06T17:00,64.4,0
2024-10-06T18:00,73.5,0
2024-10-06T19:00,81.4,0
2024-10-06T20:00,88,0
2024-10-06T21:00,91.5,0
2024-10-06T22:00,89.3,0
2024-10-06T23:00,85.7,0
2024-10-07T00:00,80.8,0
2024-10-07T01:00,72.4,0
2024-10-07T02:00,68.2,0
2024-10-07T03:00,65.6,0
2024-10-07T04:00,64,0
2024-10-07T05:00,65.5,0
2024-10-07T06:00,66.4,0
2024-10-07T07:00,65.5,0
2024-10-07T08:00,64.8,0
2024-10-07T09:00,63.6,0
2024-10-07T10:00,62.6,0
2024-10-07T11:00,61.2,0
2024-10-07T12:00,61,0
2024-10-07T13:00,59.9,0
2024-10-07T14:00,59.8,0
2024-10-07T15:00,61.1,0
2024-10-07T16:00,64.1,0
2024-10-07T17:00,71.3,0
2024-10-07T18:00,77.9,0
2024-10-07T19:00,84.8,0
2024-10-07T20:00,89.3,0
2024-10-07T21:00,91.2,0
2024-10-07T22:00,90.7,0
2024-10-07T23:00,87.4,0
2024-10-08T00:00,82.4,0
2024-10-08T01:00,74.1,0
2024-10-08T02:00,69,0
2024-10-08T03:00,66.2,0
2024-10-08T04:00,64.8,0
2024-10-08T05:00,63.3,0
2024-10-08T06:00,62,0
2024-10-08T07:00,61.5,0
2024-10-08T08:00,60.6,0
2024-10-08T09:00,60.2,0
2024-10-08T10:00,60.3,0
2024-10-08T11:00,60.3,0
2024-10-08T12:00,59.5,0
2024-10-08T13:00,57.9,0
2024-10-08T14:00,58.9,0
2024-10-08T15:00,59.1,0
2024-10-08T16:00,60.8,0
2024-10-08T17:00,65.8,0
2024-10-08T18:00,72.3,0
2024-10-08T19:00,79.6,0
2024-10-08T20:00,85.5,0
2024-10-08T21:00,88,0
2024-10-08T22:00,87.6,0
2024-10-08T23:00,85.5,0
2024-10-09T00:00,80.9,0
2024-10-09T01:00,74.9,0
2024-10-09T02:00,68.8,0
2024-10-09T03:00,66.3,0
2024-10-09T04:00,65.4,0
2024-10-09T05:00,63.7,0
2024-10-09T06:00,61.8,0
2024-10-09T07:00,61.1,0
2024-10-09T08:00,60.3,0
2024-10-09T09:00,59.9,0
2024-10-09T10:00,59.5,0
2024-10-09T11:00,59,0
2024-10-09T12:00,58.1,0
2024-10-09T13:00,59.3,0
2024-10-09T14:00,58,0
2024-10-09T15:00,58.5,0
2024-10-09T16:00,59.8,0
2024-10-09T17:00,63.5,0
2024-10-09T18:00,71.5,0
2024-10-09T19:00,78.6,0
2024-10-09T20:00,83.3,0
2024-10-09T21:00,84.9,0
2024-10-09T22:00,84.2,0
2024-10-09T23:00,82.2,0
2024-10-10T00:00,77.9,0
2024-10-10T01:00,69.8,0
2024-10-10T02:00,65.9,0
2024-10-10T03:00,64.5,0
2024-10-10T04:00,62.9,0
2024-10-10T05:00,61.9,0
2024-10-10T06:00,61.2,0
2024-10-10T07:00,60.5,0
2024-10-10T08:00,59.7,0
2024-10-10T09:00,59.2,0
2024-10-10T10:00,59,0
2024-10-10T11:00,59,0
2024-10-10T12:00,58.8,0
2024-10-10T13:00,58.8,0
2024-10-10T14:00,58.3,0
2024-10-10T15:00,58.7,0
2024-10-10T16:00,59.7,0
2024-10-10T17:00,64.6,0
2024-10-10T18:00,71.3,0
2024-10-10T19:00,77.3,0
2024-10-10T20:00,81.8,0
2024-10-10T21:00,84.1,0
2024-10-10T22:00,84.4,0
2024-10-10T23:00,82.8,0
2024-10-11T00:00,78.4,0
2024-10-11T01:00,74.5,0
2024-10-11T02:00,70.7,0
2024-10-11T03:00,69.1,0
2024-10-11T04:00,67.3,0
2024-10-11T05:00,65.3,0
2024-10-11T06:00,64,0
2024-10-11T07:00,63.8,0
2024-10-11T08:00,62.5,0
2024-10-11T09:00,64.4,0
2024-10-11T10:00,63.9,0
2024-10-11T11:00,63.3,0
2024-10-11T12:00,62.6,0
2024-10-11T13:00,58.9,0
2024-10-11T14:00,58.3,0
2024-10-11T15:00,59.8,0
2024-10-11T16:00,64.3,0
2024-10-11T17:00,70.9,0
2024-10-11T18:00,78.9,0
2024-10-11T19:00,84.9,0
2024-10-11T20:00,87.9,0
2024-10-11T21:00,87.7,0
2024-10-11T22:00,86.4,0
2024-10-11T23:00,84.2,0
2024-10-12T00:00,81,0
2024-10-12T01:00,73.6,0
2024-10-12T02:00,71.5,0
2024-10-12T03:00,69.3,0
2024-10-12T04:00,66.8,0
2024-10-12T05:00,64.3,0
2024-10-12T06:00,62.5,0
2024-10-12T07:00,61.3,0
2024-10-12T08:00,61.2,0
2024-10-12T09:00,60.8,0
2024-10-12T10:00,60.1,0
2024-10-12T11:00,58.1,0
2024-10-12T12:00,57.9,0
2024-10-12T13:00,57.2,0
2024-10-12T14:00,54.9,0
2024-10-12T15:00,57.9,0
2024-10-12T16:00,61.9,0
2024-10-12T17:00,67.1,0
2024-10-12T18:00,72.5,0
2024-10-12T19:00,78.7,0
2024-10-12T20:00,82.3,0
2024-10-12T21:00,82.4,0
2024-10-12T22:00,81.6,0
2024-10-12T23:00,79.2,0
2024-10-13T00:00,75.8,0
2024-10-13T01:00,71.1,0
2024-10-13T02:00,68,0
2024-10-13T03:00,65.6,0
2024-10-13T04:00,63.4,0
2024-10-13T05:00,62,0
2024-10-13T06:00,60.9,0
2024-10-13T07:00,59.4,0
2024-10-13T08:00,59.3,0
2024-10-13T09:00,58,0
2024-10-13T10:00,56.2,0
2024-10-13T11:00,55.9,0
2024-10-13T12:00,57,0
2024-10-13T13:00,57.2,0
2024-10-13T14:00,57,0
2024-10-13T15:00,57,0
2024-10-13T16:00,57.2,0
2024-10-13T17:00,60.2,0
2024-10-13T18:00,65,0
2024-10-13T19:00,70.7,0
2024-10-13T20:00,75.9,0
2024-10-13T21:00,79.6,0
2024-10-13T22:00,79.6,0
2024-10-13T23:00,76.1,0
2024-10-14T00:00,73.2,0
2024-10-14T01:00,69.7,0
2024-10-14T02:00,66.9,0
2024-10-14T03:00,64.9,0
2024-10-14T04:00,63.3,0
2024-10-14T05:00,62,0
2024-10-14T06:00,60.8,0
2024-10-14T07:00,59.7,0
2024-10-14T08:00,59,0
2024-10-14T09:00,59.3,0
2024-10-14T10:00,59.5,0
2024-10-14T11:00,59.3,0
2024-10-14T12:00,59.2,0
2024-10-14T13:00,58.5,0
2024-10-14T14:00,58.1,0
2024-10-14T15:00,58.9,0
2024-10-14T16:00,60.8,0
2024-10-14T17:00,64.2,0
2024-10-14T18:00,68.1,0
2024-10-14T19:00,71.1,0
2024-10-14T20:00,74.2,0
2024-10-14T21:00,76.7,0
2024-10-14T22:00,77.8,0
2024-10-14T23:00,76.1,0
2024-10-15T00:00,73.7,0
2024-10-15T01:00,69.9,0
2024-10-15T02:00,67.3,0
2024-10-15T03:00,65.9,0
2024-10-15T04:00,64.9,0
2024-10-15T05:00,63.6,0
2024-10-15T06:00,62.3,0
2024-10-15T07:00,61.4,0
2024-10-15T08:00,60.5,0
2024-10-15T09:00,59.9,0
2024-10-15T10:00,59,0
2024-10-15T11:00,57.9,0
2024-10-15T12:00,57.6,0
2024-10-15T13:00,59.1,0
2024-10-15T14:00,59.4,0
2024-10-15T15:00,59.3,0
2024-10-15T16:00,59.5,0
2024-10-15T17:00,60.9,0
2024-10-15T18:00,65,0
2024-10-15T19:00,69.1,0
2024-10-15T20:00,72.9,0
2024-10-15T21:00,75.6,0
2024-10-15T22:00,76,0
2024-10-15T23:00,74.4,0
2024-10-16T00:00,71.9,0
2024-10-16T01:00,67.2,0
2024-10-16T02:00,64.8,0
2024-10-16T03:00,63.5,0
2024-10-16T04:00,62.9,0
2024-10-16T05:00,62.1,0
2024-10-16T06:00,61.7,0
2024-10-16T07:00,61.1,0
2024-10-16T08:00,61.2,0
2024-10-16T09:00,61,0
2024-10-16T10:00,60.8,0
2024-10-16T11:00,60.4,0
2024-10-16T12:00,59.7,0
2024-10-16T13:00,60,0
2024-10-16T14:00,59.9,0
2024-10-16T15:00,59.8,0
2024-10-16T16:00,59.9,0
2024-10-16T17:00,61.5,0
2024-10-16T18:00,65.1,0
2024-10-16T19:00,69.6,0
2024-10-16T20:00,73,0
2024-10-16T21:00,74.2,0
2024-10-16T22:00,73.5,0
2024-10-16T23:00,71.2,0
2024-10-17T00:00,68.9,0
2024-10-17T01:00,65.6,0
2024-10-17T02:00,64.4,0
2024-10-17T03:00,64.1,0
2024-10-17T04:00,64,0
2024-10-17T05:00,63.7,0
2024-10-17T06:00,63.4,0
2024-10-17T07:00,62.7,0
2024-10-17T08:00,61.9,0
2024-10-17T09:00,61.7,0
2024-10-17T10:00,61.4,0
2024-10-17T11:00,60.7,0
2024-10-17T12:00,60.1,0
2024-10-17T13:00,61.9,0
2024-10-17T14:00,61.8,0
2024-10-17T15:00,62.3,0
2024-10-17T16:00,63.3,0
2024-10-17T17:00,64.2,0.008
2024-10-17T18:00,65.1,0.012
2024-10-17T19:00,66.5,0.008
2024-10-17T20:00,68.7,0
2024-10-17T21:00,70.8,0
2024-10-17T22:00,71.8,0.004
2024-10-17T23:00,71.6,0
2024-10-18T00:00,69.9,0
2024-10-18T01:00,65.8,0.008
2024-10-18T02:00,64.6,0
2024-10-18T03:00,63.9,0
2024-10-18T04:00,63.5,0
2024-10-18T05:00,63.3,0
2024-10-18T06:00,62.6,0
2024-10-18T07:00,61.1,0
2024-10-18T08:00,60.7,0
2024-10-18T09:00,60.7,0
2024-10-18T10:00,60,0
2024-10-18T11:00,57.3,0
2024-10-18T12:00,57.1,0
2024-10-18T13:00,56.9,0
2024-10-18T14:00,56.6,0
2024-10-18T15:00,57,0
2024-10-18T16:00,62.3,0
2024-10-18T17:00,68.6,0
2024-10-18T18:00,72.7,0
2024-10-18T19:00,75.2,0
2024-10-18T20:00,78.1,0
2024-10-18T21:00,80.6,0
2024-10-18T22:00,81.4,0
2024-10-18T23:00,80.7,0
2024-10-19T00:00,80.3,0
2024-10-19T01:00,77,0
2024-10-19T02:00,70.8,0
2024-10-19T03:00,65.1,0
2024-10-19T04:00,60.8,0
2024-10-19T05:00,58.9,0
2024-10-19T06:00,56.3,0
2024-10-19T07:00,54.5,0
2024-10-19T08:00,52.8,0
2024-10-19T09:00,51.6,0
2024-10-19T10:00,50.5,0
2024-10-19T11:00,50.6,0
2024-10-19T12:00,51,0
2024-10-19T13:00,50.9,0
2024-10-19T14:00,51.5,0
2024-10-19T15:00,57,0
2024-10-19T16:00,64.2,0
2024-10-19T17:00,68.9,0
2024-10-19T18:00,72.9,0
2024-10-19T19:00,77.8,0
2024-10-19T20:00,80.8,0
2024-10-19T21:00,81.8,0
2024-10-19T22:00,81.6,0
2024-10-19T23:00,79.2,0
2024-10-20T00:00,76.9,0
2024-10-20T01:00,73.8,0
2024-10-20T02:00,71.6,0
2024-10-20T03:00,72.3,0
2024-10-20T04:00,71,0
2024-10-20T05:00,68.9,0
2024-10-20T06:00,61.7,0
2024-10-20T07:00,60,0
2024-10-20T08:00,58.8,0
2024-10-20T09:00,58.9,0
2024-10-20T10:00,61.6,0
2024-10-20T11:00,59,0
2024-10-20T12:00,58.3,0
2024-10-20T13:00,57.6,0
2024-10-20T14:00,56.4,0
2024-10-20T15:00,60.5,0
2024-10-20T16:00,67.2,0
2024-10-20T17:00,73,0
2024-10-20T18:00,77.4,0
2024-10-20T19:00,80.6,0
2024-10-20T20:00,83.8,0
2024-10-20T21:00,85,0
2024-10-20T22:00,82.7,0
2024-10-20T23:00,80.6,0
2024-10-21T00:00,78.2,0
2024-10-21T01:00,73.7,0
2024-10-21T02:00,71.1,0
2024-10-21T03:00,68.9,0
2024-10-21T04:00,67.5,0
2024-10-21T05:00,64.6,0
2024-10-21T06:00,62.5,0
2024-10-21T07:00,61.9,0
2024-10-21T08:00,61.4,0
2024-10-21T09:00,61.9,0
2024-10-21T10:00,62,0
2024-10-21T11:00,62.9,0
2024-10-21T12:00,61.7,0
2024-10-21T13:00,63.5,0
2024-10-21T14:00,64.5,0
2024-10-21T15:00,66.1,0
2024-10-21T16:00,69.4,0
2024-10-21T17:00,73.4,0
2024-10-21T18:00,78.4,0
2024-10-21T19:00,83.1,0
2024-10-21T20:00,86.3,0
2024-10-21T21:00,86.6,0
2024-10-21T22:00,84.3,0
2024-10-21T23:00,83.2,0
2024-10-22T00:00,81.1,0
2024-10-22T01:00,74.9,0
2024-10-22T02:00,73.1,0
2024-10-22T03:00,72.8,0
2024-10-22T04:00,67.3,0
2024-10-22T05:00,64.9,0
2024-10-22T06:00,63.1,0
2024-10-22T07:00,62.3,0
2024-10-22T08:00,65,0
2024-10-22T09:00,68,0
2024-10-22T10:00,68.1,0
2024-10-22T11:00,67.6,0
2024-10-22T12:00,66.9,0
2024-10-22T13:00,65.2,0
2024-10-22T14:00,65.6,0
2024-10-22T15:00,66.2,0
2024-10-22T16:00,68.6,0
2024-10-22T17:00,73.8,0
2024-10-22T18:00,79.3,0
2024-10-22T19:00,84.2,0
2024-10-22T20:00,87.9,0
2024-10-22T21:00,89.5,0
2024-10-22T22:00,87.8,0
2024-10-22T23:00,85.3,0
2024-10-23T00:00,82.1,0
2024-10-23T01:00,76.4,0
2024-10-23T02:00,73.4,0
2024-10-23T03:00,75,0
2024-10-23T04:00,69.3,0
2024-10-23T05:00,66.7,0
2024-10-23T06:00,65.3,0
2024-10-23T07:00,65,0
2024-10-23T08:00,67.1,0
2024-10-23T09:00,69.8,0
2024-10-23T10:00,69.8,0
2024-10-23T11:00,69.2,0
2024-10-23T12:00,68.7,0
2024-10-23T13:00,69.4,0
2024-10-23T14:00,68.4,0
2024-10-23T15:00,67.2,0
2024-10-23T16:00,68.1,0
2024-10-23T17:00,73.4,0
2024-10-23T18:00,79.2,0
2024-10-23T19:00,84.4,0
2024-10-23T20:00,88.3,0
2024-10-23T21:00,90.5,0
2024-10-23T22:00,90.3,0
2024-10-23T23:00,86.7,0
2024-10-24T00:00,81.5,0
2024-10-24T01:00,75.2,0
2024-10-24T02:00,71.3,0
2024-10-24T03:00,68.1,0
2024-10-24T04:00,65.3,0
2024-10-24T05:00,63.4,0
2024-10-24T06:00,61.7,0
2024-10-24T07:00,60.8,0
2024-10-24T08:00,61.2,0
2024-10-24T09:00,62.5,0
2024-10-24T10:00,61.9,0
2024-10-24T11:00,60.2,0
2024-10-24T12:00,58.6,0
2024-10-24T13:00,59.9,0
2024-10-24T14:00,60.7,0
2024-10-24T15:00,60,0
2024-10-24T16:00,64,0
2024-10-24T17:00,68.7,0
2024-10-24T18:00,74.2,0
2024-10-24T19:00,79.7,0
2024-10-24T20:00,83.8,0
2024-10-24T21:00,85.7,0
2024-10-24T22:00,85.2,0
2024-10-24T23:00,82.6,0
2024-10-25T00:00,77.8,0
2024-10-25T01:00,71.3,0
2024-10-25T02:00,68.2,0
2024-10-25T03:00,66,0
2024-10-25T04:00,63.4,0
2024-10-25T05:00,61.2,0
2024-10-25T06:00,59.9,0
2024-10-25T07:00,59.7,0
2024-10-25T08:00,59.5,0
2024-10-25T09:00,58.8,0
2024-10-25T10:00,56.5,0
2024-10-25T11:00,56.1,0
2024-10-25T12:00,54.2,0
2024-10-25T13:00,54.1,0
2024-10-25T14:00,53.5,0
2024-10-25T15:00,53.3,0
2024-10-25T16:00,56.6,0
2024-10-25T17:00,61.4,0
2024-10-25T18:00,68,0
2024-10-25T19:00,73.5,0
2024-10-25T20:00,77.9,0
2024-10-25T21:00,80.5,0
2024-10-25T22:00,80.5,0
2024-10-25T23:00,78.6,0
2024-10-26T00:00,76.2,0
2024-10-26T01:00,69.9,0
2024-10-26T02:00,66.3,0
2024-10-26T03:00,63.5,0
2024-10-26T04:00,61.2,0
2024-10-26T05:00,59.5,0
2024-10-26T06:00,58.3,0
2024-10-26T07:00,58.6,0
2024-10-26T08:00,58,0
2024-10-26T09:00,56.9,0
2024-10-26T10:00,57.3,0
2024-10-26T11:00,57.2,0
2024-10-26T12:00,56.6,0
2024-10-26T13:00,56.7,0
2024-10-26T14:00,56.9,0
2024-10-26T15:00,55.4,0
2024-10-26T16:00,59.3,0
2024-10-26T17:00,66.1,0
2024-10-26T18:00,73.2,0
2024-10-26T19:00,78.8,0
2024-10-26T20:00,82.2,0
2024-10-26T21:00,84.8,0
2024-10-26T22:00,85.5,0
2024-10-26T23:00,83.1,0
2024-10-27T00:00,78.6,0
2024-10-27T01:00,70.7,0
2024-10-27T02:00,67.2,0
2024-10-27T03:00,65,0
2024-10-27T04:00,63.2,0
2024-10-27T05:00,61.6,0
2024-10-27T06:00,61.5,0
2024-10-27T07:00,61,0
2024-10-27T08:00,60.4,0
2024-10-27T09:00,62.1,0
2024-10-27T10:00,61.6,0
2024-10-27T11:00,59.1,0
2024-10-27T12:00,59.9,0
2024-10-27T13:00,56.6,0
2024-10-27T14:00,57.5,0
2024-10-27T15:00,57.6,0
2024-10-27T16:00,61.1,0
2024-10-27T17:00,65.8,0
2024-10-27T18:00,70.2,0
2024-10-27T19:00,75.7,0
2024-10-27T20:00,80.4,0
2024-10-27T21:00,81.8,0
2024-10-27T22:00,81.7,0
2024-10-27T23:00,78.9,0
2024-10-28T00:00,73.2,0
2024-10-28T01:00,71.6,0
2024-10-28T02:00,67.7,0
2024-10-28T03:00,65.4,0
2024-10-28T04:00,64.6,0
2024-10-28T05:00,63.6,0
2024-10-28T06:00,62.9,0
2024-10-28T07:00,62.5,0
2024-10-28T08:00,62.8,0
2024-10-28T09:00,62.7,0
2024-10-28T10:00,61.9,0
2024-10-28T11:00,61.9,0
2024-10-28T12:00,61,0
2024-10-28T13:00,61.2,0
2024-10-28T14:00,61.4,0
2024-10-28T15:00,62.2,0
2024-10-28T16:00,63.5,0
2024-10-28T17:00,67.1,0
2024-10-28T18:00,71,0
2024-10-28T19:00,72.8,0
2024-10-28T20:00,74.2,0
2024-10-28T21:00,72.1,0
2024-10-28T22:00,70.9,0
2024-10-28T23:00,70.5,0
2024-10-29T00:00,69.3,0
2024-10-29T01:00,64.8,0
2024-10-29T02:00,64.6,0
2024-10-29T03:00,64.3,0.004
2024-10-29T04:00,62.3,0
2024-10-29T05:00,60.2,0
2024-10-29T06:00,60.1,0
2024-10-29T07:00,57.3,0
2024-10-29T08:00,54.6,0
2024-10-29T09:00,53.9,0
2024-10-29T10:00,53.5,0
2024-10-29T11:00,55.2,0
2024-10-29T12:00,56.6,0
2024-10-29T13:00,54.1,0
2024-10-29T14:00,52.7,0
2024-10-29T15:00,54.9,0
2024-10-29T16:00,57.9,0
2024-10-29T17:00,62.3,0
2024-10-29T18:00,66.4,0
2024-10-29T19:00,70.1,0
2024-10-29T20:00,72.6,0
2024-10-29T21:00,73.2,0
2024-10-29T22:00,72.8,0
2024-10-29T23:00,72.5,0
2024-10-30T00:00,71.1,0
2024-10-30T01:00,65.7,0
2024-10-30T02:00,63.5,0
2024-10-30T03:00,60.6,0
2024-10-30T04:00,58.4,0
2024-10-30T05:00,56.2,0
2024-10-30T06:00,55.6,0
2024-10-30T07:00,55.7,0
2024-10-30T08:00,55.5,0
2024-10-30T09:00,54.7,0
2024-10-30T10:00,54,0
2024-10-30T11:00,53.4,0
2024-10-30T12:00,52.4,0
2024-10-30T13:00,52.5,0
2024-10-30T14:00,52,0
2024-10-30T15:00,54.8,0
2024-10-30T16:00,58.6,0
2024-10-30T17:00,62.7,0
2024-10-30T18:00,65.6,0
2024-10-30T19:00,68.9,0
2024-10-30T20:00,71.7,0
2024-10-30T21:00,73.5,0
2024-10-30T22:00,74.4,0
2024-10-30T23:00,73.6,0
2024-10-31T00:00,71.5,0
2024-10-31T01:00,67.1,0
2024-10-31T02:00,64,0
2024-10-31T03:00,62,0
2024-10-31T04:00,60.2,0
2024-10-31T05:00,57.2,0
2024-10-31T06:00,54.4,0
2024-10-31T07:00,53,0
2024-10-31T08:00,53,0
2024-10-31T09:00,53.6,0
2024-10-31T10:00,57.1,0
2024-10-31T11:00,59.5,0
2024-10-31T12:00,56.3,0
2024-10-31T13:00,58.4,0
2024-10-31T14:00,56.8,0
2024-10-31T15:00,51.7,0
2024-10-31T16:00,57.9,0
2024-10-31T17:00,62.2,0
2024-10-31T18:00,66.6,0
2024-10-31T19:00,70.3,0
2024-10-31T20:00,72.2,0
2024-10-31T21:00,73.1,0
2024-10-31T22:00,72.4,0
2024-10-31T23:00,69.9,0
2024-11-01T00:00,67.4,0
2024-11-01T01:00,64.4,0
2024-11-01T02:00,61.8,0
2024-11-01T03:00,59.1,0
2024-11-01T04:00,59,0
2024-11-01T05:00,56.7,0
2024-11-01T06:00,54.8,0
2024-11-01T07:00,53.7,0
2024-11-01T08:00,52.9,0
2024-11-01T09:00,52.2,0
2024-11-01T10:00,53.8,0
2024-11-01T11:00,55.4,0
2024-11-01T12:00,57,0
2024-11-01T13:00,56.3,0
2024-11-01T14:00,55.9,0
2024-11-01T15:00,54.7,0
2024-11-01T16:00,59,0
2024-11-01T17:00,62.8,0
2024-11-01T18:00,66.4,0
2024-11-01T19:00,69.4,0
2024-11-01T20:00,71.9,0
2024-11-01T21:00,73.2,0
2024-11-01T22:00,72.3,0
2024-11-01T23:00,69.7,0